Date,Time,Time Zone,Category,Item,Qty,Price Point Name,SKU,Modifiers Applied,Gross Sales,Discounts,Net Sales,Tax,Transaction ID,Payment ID,Device Name,Notes,Details,Event Type,Location,Dining Option,Customer ID,Customer Name,Customer Reference ID,Unit,Count
06/10/19,20:19:26,Central Time (US & Canada),Shop Hop,All Iowa Shop Hop 2019,1.0,Regular,"","",$8.99,$0.00,$8.99,$0.63,a5lpNqn5owLFjKJAWSLQsuMF,qAPtGwyfuSWZURtbndwnyxMF,iPad,Shop hop magazine ,https://squareup.com/dashboard/sales/transactions/a5lpNqn5owLFjKJAWSLQsuMF/by-unit/0WT1WCKZW65WD,Payment,Cedar Rapids,"",2J6SQ2MMMX4NGQA7EK340EV9E8,Christine Schanbacher,"",ea,1
06/10/19,20:19:26,Central Time (US & Canada),Shop Hop,Shop Hop 2019 Tuscan Wishes,1.0,Regular,"","",$19.99,$0.00,$19.99,$1.40,a5lpNqn5owLFjKJAWSLQsuMF,qAPtGwyfuSWZURtbndwnyxMF,iPad,"",https://squareup.com/dashboard/sales/transactions/a5lpNqn5owLFjKJAWSLQsuMF/by-unit/0WT1WCKZW65WD,Payment,Cedar Rapids,"",2J6SQ2MMMX4NGQA7EK340EV9E8,Christine Schanbacher,"",ea,1
06/10/19,19:57:04,Central Time (US & Canada),None,Custom Amount,1.0,"","","",$39.99,$0.00,$39.99,$2.80,u9IopZ3Yds4rpo2F2WRAwvMF,2Hl76ySRgrEQAARurzk5S,iPad,"",https://squareup.com/dashboard/sales/transactions/u9IopZ3Yds4rpo2F2WRAwvMF/by-unit/0WT1WCKZW65WD,Payment,Cedar Rapids,"","","","",ea,1
06/10/19,15:08:31,Central Time (US & Canada),Fabric,Cotton Fabric,2.0,Regular,"",1 yd,$25.00,$0.00,$25.00,$1.75,oyapaQw6bn0COtNSiKCfWyMF,c74UXd8qgl5xfpZpbZgn7yMF,iPad,"",https://squareup.com/dashboard/sales/transactions/oyapaQw6bn0COtNSiKCfWyMF/by-unit/0WT1WCKZW65WD,Payment,Cedar Rapids,"",EAC0V9WMND54MYMW4RNCD0HM48,"","",ea,2
06/10/19,14:57:42,Central Time (US & Canada),Handmade,Luggage Tag,2.0,Regular,"","",$25.98,$0.00,$25.98,$1.82,kijLdt9ybcsiCipYFKwKvwMF,uq3CRGl1BVGYIzeWXRPZPzMF,iPad,"",https://squareup.com/dashboard/sales/transactions/kijLdt9ybcsiCipYFKwKvwMF/by-unit/0WT1WCKZW65WD,Payment,Cedar Rapids,"",ETDC11P7A12GTW56J0APWY2J5C,Susan Westerdahl,"",ea,2
06/10/19,14:04:43,Central Time (US & Canada),None,Custom Amount,1.0,"","","",$179.99,$0.00,$179.99,$12.60,e9IaJasT3NKWMEdPbpwUpwMF,ZQGXyiT3w7FtzRu8v3RRLwMF,iPad,"",https://squareup.com/dashboard/sales/transactions/e9IaJasT3NKWMEdPbpwUpwMF/by-unit/0WT1WCKZW65WD,Payment,Cedar Rapids,"","","","",ea,1
06/10/19,13:11:37,Central Time (US & Canada),None,Custom Amount,1.0,"","","",$17.00,$0.00,$17.00,$0.00,p9DnwmQeiie28KhMfOVdSD9eV,4dguCVTdowCGS78YT3A64yMF,"",Order #2732 from Frond Design Studios,https://squareup.com/dashboard/sales/transactions/p9DnwmQeiie28KhMfOVdSD9eV/by-unit/42TJQ2B36EQBG,Payment,Web,"",82W7EGTSMH2MPRVZ7F7SP3JCGW,"","",ea,1
06/10/19,12:11:19,Central Time (US & Canada),Classes,Private Lesson 1 Hour,1.0,Regular,"","",$25.00,$0.00,$25.00,$1.75,46cmSdYe6xtoAUMaNn2yavMF,fm66qtwSm1zI8EiJra2OBuMF,iPad,"",https://squareup.com/dashboard/sales/transactions/46cmSdYe6xtoAUMaNn2yavMF/by-unit/0WT1WCKZW65WD,Payment,Cedar Rapids,"",MQBTCNNXCN680ME6AV4E200TXC,Dawn Jones,"",ea,1
06/10/19,09:22:34,Central Time (US & Canada),Notions,Seam Ripper,1.0,Regular,"","",$24.95,$-6.24,$18.71,$1.31,yn6LBQx7Gqq9fvAL1LlG9wMF,mFm2aBpqXZtdyF7tCto5S,iPad,"",https://squareup.com/dashboard/sales/transactions/yn6LBQx7Gqq9fvAL1LlG9wMF/by-unit/0WT1WCKZW65WD,Payment,Cedar Rapids,"","","","",ea,1
06/10/19,06:46:20,Central Time (US & Canada),None,Custom Amount,1.0,"","","",$59.97,$0.00,$59.97,$0.00,BDgdZ3Yg7HI1bfOMe3VUaH8eV,pBvPHa4tfz3CtnVghq9UEtMF,"",Order #2730 from Frond Design Studios,https://squareup.com/dashboard/sales/transactions/BDgdZ3Yg7HI1bfOMe3VUaH8eV/by-unit/42TJQ2B36EQBG,Payment,Web,"",0Z7GG7CHE11HJT759PXV2FSSD8,"","",ea,1
