Date,Time,Time Zone,Category,Item,Qty,Price Point Name,SKU,Modifiers Applied,Gross Sales,Discounts,Net Sales,Tax,Transaction ID,Payment ID,Device Name,Notes,Details,Event Type,Location,Dining Option,Customer ID,Customer Name,Customer Reference ID,Unit,Count
05/08/19,17:35:25,Central Time (US & Canada),None,Custom Amount,1.0,"","","",$61.50,$0.00,$61.50,$4.30,I60CFtSiJEfmAyem5vgmewMF,V10axVxza44nr584XCv47yMF,iPad,"",https://squareup.com/dashboard/sales/transactions/I60CFtSiJEfmAyem5vgmewMF/by-unit/0WT1WCKZW65WD,Payment,Cedar Rapids,"",ZPCA1108ES7EMTE3Q7J183H424,Denise Hansen,"",ea,1
05/08/19,11:26:58,Central Time (US & Canada),Fabric,Canvas Waxed,1.0,1/2 Yard,"","",$17.99,$0.00,$17.99,$1.26,mhOBZbcVkEgGFg39IABiRwMF,SdIaH2OdT9VajbohUVaK0zMF,iPad,"",https://squareup.com/dashboard/sales/transactions/mhOBZbcVkEgGFg39IABiRwMF/by-unit/0WT1WCKZW65WD,Payment,Cedar Rapids,"",GG3WFX8AF94E8W98ATVXDX7X90,Elan Schneider,"",ea,1
05/08/19,11:26:58,Central Time (US & Canada),Fabric,Cotton Remnant,1.0,Per inch pricing,"","",$4.74,$0.00,$4.74,$0.33,mhOBZbcVkEgGFg39IABiRwMF,SdIaH2OdT9VajbohUVaK0zMF,iPad,"",https://squareup.com/dashboard/sales/transactions/mhOBZbcVkEgGFg39IABiRwMF/by-unit/0WT1WCKZW65WD,Payment,Cedar Rapids,"",GG3WFX8AF94E8W98ATVXDX7X90,Elan Schneider,"",ea,1
05/08/19,11:26:58,Central Time (US & Canada),Handmade,Mugs,1.0,Regular,"","",$29.99,$0.00,$29.99,$2.10,mhOBZbcVkEgGFg39IABiRwMF,SdIaH2OdT9VajbohUVaK0zMF,iPad,"",https://squareup.com/dashboard/sales/transactions/mhOBZbcVkEgGFg39IABiRwMF/by-unit/0WT1WCKZW65WD,Payment,Cedar Rapids,"",GG3WFX8AF94E8W98ATVXDX7X90,Elan Schneider,"",ea,1
05/08/19,11:26:58,Central Time (US & Canada),Pattern,Indygo Asymmetrical Top & Tunic,1.0,Regular,"","",$18.99,$0.00,$18.99,$1.33,mhOBZbcVkEgGFg39IABiRwMF,SdIaH2OdT9VajbohUVaK0zMF,iPad,"",https://squareup.com/dashboard/sales/transactions/mhOBZbcVkEgGFg39IABiRwMF/by-unit/0WT1WCKZW65WD,Payment,Cedar Rapids,"",GG3WFX8AF94E8W98ATVXDX7X90,Elan Schneider,"",ea,1
05/08/19,10:12:30,Central Time (US & Canada),Handmade,Pillow Sham,1.0,Other,"","",$79.00,$0.00,$79.00,$5.53,scc6lJlQoJDo0pvbr8KhDwMF,HS3LtzQwRyS1jESqCkGdvzMF,iPad,"",https://squareup.com/dashboard/sales/transactions/scc6lJlQoJDo0pvbr8KhDwMF/by-unit/0WT1WCKZW65WD,Payment,Cedar Rapids,"",XEXX5GC0HS6ZEGD75WQ931YJQ4,Leslie Clark,"",ea,1
05/07/19,21:22:01,Central Time (US & Canada),None,Custom Amount,1.0,"","","",$65.99,$0.00,$65.99,$0.00,HGWoNf8tX9URHYlFa9bc21ueV,iIA4ub3nGYdQ0BDXL8qDHzMF,"",Order #2633 from Frond Design Studios,https://squareup.com/dashboard/sales/transactions/HGWoNf8tX9URHYlFa9bc21ueV/by-unit/42TJQ2B36EQBG,Payment,Web,"",C7WX1NV71N5FTX4CA849HYC2FM,Nora Boyd,"",ea,1
05/07/19,20:22:58,Central Time (US & Canada),None,Custom Amount,1.0,"","","",$480.70,$0.00,$480.70,$0.00,bAGEFDIcUT2xhlDHdQoQYM5eV,tB4tRuLt6wkvoywqvG8i5zMF,Stephanie Brandenburg,Order 5/19,https://squareup.com/dashboard/sales/transactions/bAGEFDIcUT2xhlDHdQoQYM5eV/by-unit/39APN171F274W,Payment,Trade Shows,"",XTZ2BEEXX90Q8RPXA49NGFY14M,"","",ea,1
05/07/19,20:21:20,Central Time (US & Canada),None,Custom Amount,1.0,"","","",$480.70,$0.00,$480.70,$0.00,1bxkIpv9khHAzDfT6dCmevveV,ZbYbNkIOS2xOeUvTg9IXmuMF,Stephanie Brandenburg,People Places and Quilts 4/8/19 F1164A,https://squareup.com/dashboard/sales/transactions/1bxkIpv9khHAzDfT6dCmevveV/by-unit/39APN171F274W,Payment,Trade Shows,"",XTZ2BEEXX90Q8RPXA49NGFY14M,"","",ea,1
05/07/19,15:34:27,Central Time (US & Canada),Fabric,Cotton Fabric,3.0,Regular,"",1 yd,$37.50,$0.00,$37.50,$0.00,e1kWvyiOPi7ZjSSrieGdjyMF,OoDBPoV3zFqg6swCxOsqvsMF,iPad,"",https://squareup.com/dashboard/sales/transactions/e1kWvyiOPi7ZjSSrieGdjyMF/by-unit/0WT1WCKZW65WD,Payment,Cedar Rapids,"",NR0Q1CZT5929AZEMANTJE1G9HR,"","",ea,3
05/07/19,15:34:27,Central Time (US & Canada),Fabric,Cotton Fabric,6.0,Regular,"",1/2 yd,$37.50,$0.00,$37.50,$0.00,e1kWvyiOPi7ZjSSrieGdjyMF,OoDBPoV3zFqg6swCxOsqvsMF,iPad,"",https://squareup.com/dashboard/sales/transactions/e1kWvyiOPi7ZjSSrieGdjyMF/by-unit/0WT1WCKZW65WD,Payment,Cedar Rapids,"",NR0Q1CZT5929AZEMANTJE1G9HR,"","",ea,6
05/07/19,15:34:27,Central Time (US & Canada),Fabric,Cotton Fabric,8.0,Regular,"",1/2 yd,$50.00,$0.00,$50.00,$0.00,e1kWvyiOPi7ZjSSrieGdjyMF,OoDBPoV3zFqg6swCxOsqvsMF,iPad,"",https://squareup.com/dashboard/sales/transactions/e1kWvyiOPi7ZjSSrieGdjyMF/by-unit/0WT1WCKZW65WD,Payment,Cedar Rapids,"",NR0Q1CZT5929AZEMANTJE1G9HR,"","",ea,8
05/07/19,15:34:27,Central Time (US & Canada),Shipping,Shipping,1.0,Regular,"","",$5.00,$0.00,$5.00,$0.00,e1kWvyiOPi7ZjSSrieGdjyMF,OoDBPoV3zFqg6swCxOsqvsMF,iPad,"",https://squareup.com/dashboard/sales/transactions/e1kWvyiOPi7ZjSSrieGdjyMF/by-unit/0WT1WCKZW65WD,Payment,Cedar Rapids,"",NR0Q1CZT5929AZEMANTJE1G9HR,"","",ea,1
05/07/19,13:06:58,Central Time (US & Canada),Handmade,Wine Bag,1.0,Regular,"","",$10.00,$0.00,$10.00,$0.70,OjN3k4jIJoC9C6yUygfrazMF,mxQY2z8VHyLPURHYItt5S,iPad,"",https://squareup.com/dashboard/sales/transactions/OjN3k4jIJoC9C6yUygfrazMF/by-unit/0WT1WCKZW65WD,Payment,Cedar Rapids,"","","","",ea,1
05/07/19,13:04:41,Central Time (US & Canada),Fabric,Cotton Fabric,1.0,Regular,"",1 yd,$12.50,$0.00,$12.50,$0.87,2VyWmKgzLi5YkeuIPuiaswMF,8zvyo0EjCSzowPBCfUQsaxMF,iPad,"",https://squareup.com/dashboard/sales/transactions/2VyWmKgzLi5YkeuIPuiaswMF/by-unit/0WT1WCKZW65WD,Payment,Cedar Rapids,"",15PP7YFH256ZWMVF6X87ECDT1W,Richard Moulden,"",ea,1
05/07/19,13:04:41,Central Time (US & Canada),Fabric,Canvas Panel,1.0,Single,PANL-1CVS,"",$9.50,$0.00,$9.50,$0.67,2VyWmKgzLi5YkeuIPuiaswMF,8zvyo0EjCSzowPBCfUQsaxMF,iPad,"",https://squareup.com/dashboard/sales/transactions/2VyWmKgzLi5YkeuIPuiaswMF/by-unit/0WT1WCKZW65WD,Payment,Cedar Rapids,"",15PP7YFH256ZWMVF6X87ECDT1W,Richard Moulden,"",ea,1
05/07/19,11:17:20,Central Time (US & Canada),Fabric,Cotton Remnant,1.0,Per inch pricing,"","",$4.50,$0.00,$4.50,$0.32,ClrgIrfNGUTBfAHFpTdsZxMF,g0xvkmUp2qCEw3y1AVv5S,iPad,"",https://squareup.com/dashboard/sales/transactions/ClrgIrfNGUTBfAHFpTdsZxMF/by-unit/0WT1WCKZW65WD,Payment,Cedar Rapids,"","","","",ea,1
05/07/19,11:10:57,Central Time (US & Canada),None,Custom Amount,1.0,"","","",$110.97,$0.00,$110.97,$0.00,fUfYZmkpCQc2NhrN3rhQEBxeV,2QQ0AdoAtnWZhFjKQpJQWyMF,"",Order #2632 from Frond Design Studios,https://squareup.com/dashboard/sales/transactions/fUfYZmkpCQc2NhrN3rhQEBxeV/by-unit/42TJQ2B36EQBG,Payment,Web,"","","","",ea,1
05/07/19,10:42:45,Central Time (US & Canada),Classes,Add On Class,1.0,Regular,"","",$30.00,$0.00,$30.00,$2.10,a5BvxkQmYsmkmqANTABaSzMF,UyhB12doMbfLBEZ4d640dwMF,iPad,"",https://squareup.com/dashboard/sales/transactions/a5BvxkQmYsmkmqANTABaSzMF/by-unit/0WT1WCKZW65WD,Payment,Cedar Rapids,"",07JVZ899C11GPJGRPW7MP7HJ9R,Patricia Miles,"",ea,1
05/07/19,05:52:44,Central Time (US & Canada),None,Custom Amount,1.0,"","","",$65.99,$0.00,$65.99,$0.00,5366Y3xF2JzsI6IFqVzlS0veV,4UQPD5rx1fkzS8teEyFitwMF,"",Order #2631 from Frond Design Studios,https://squareup.com/dashboard/sales/transactions/5366Y3xF2JzsI6IFqVzlS0veV/by-unit/42TJQ2B36EQBG,Payment,Web,"",S521KTZN3S6VGRWTNPE7MVPFNG,Charlotte Schmidt,"",ea,1
05/06/19,15:47:29,Central Time (US & Canada),None,Custom Amount,1.0,"","","",$99.00,$0.00,$99.00,$6.93,4q0gNQsOXeT6lb99I3oTIwMF,v8pAlcJmUKHMqKZZVvDkNyMF,iPad,Fractured flowers,https://squareup.com/dashboard/sales/transactions/4q0gNQsOXeT6lb99I3oTIwMF/by-unit/0WT1WCKZW65WD,Payment,Cedar Rapids,"",P9ZW105AKN1G6VQMB8078M3HTR,Joan Running,"",ea,1
05/06/19,13:54:02,Central Time (US & Canada),None,Custom Amount,45.0,"","","",$256.50,$0.00,$256.50,$0.00,rswAvyzmSeJ643TmOR0r67yeV,MepQtuAJ9sTszkWyD0jjvsMF,Stephanie Brandenburg,"",https://squareup.com/dashboard/sales/transactions/rswAvyzmSeJ643TmOR0r67yeV/by-unit/39APN171F274W,Payment,Trade Shows,"",S2RB5ZMKZ93QRM0QDFCCX0QEY4,"","",ea,45
05/06/19,13:54:02,Central Time (US & Canada),None,Custom Amount,1.0,"","","",$22.75,$0.00,$22.75,$0.00,rswAvyzmSeJ643TmOR0r67yeV,MepQtuAJ9sTszkWyD0jjvsMF,Stephanie Brandenburg,UPS Shipping,https://squareup.com/dashboard/sales/transactions/rswAvyzmSeJ643TmOR0r67yeV/by-unit/39APN171F274W,Payment,Trade Shows,"",S2RB5ZMKZ93QRM0QDFCCX0QEY4,"","",ea,1
05/05/19,16:44:47,Central Time (US & Canada),Fabric,2 For 22,2.0,Regular Price,"","",$44.00,$0.00,$44.00,$0.00,ognsQRS1buS2AU0QmavNitMF,q2fdWlyGBmnZ8nkvLfF4xuMF,iPad,"",https://squareup.com/dashboard/sales/transactions/ognsQRS1buS2AU0QmavNitMF/by-unit/0WT1WCKZW65WD,Payment,Cedar Rapids,"",SV32ATVX4N1N4ZJCRXD39C4VG4,razel718@gmail.com,"",ea,2
05/05/19,16:44:47,Central Time (US & Canada),Fabric,1 yd - 2 for 22,1.0,Regular,"","",$11.00,$0.00,$11.00,$0.00,ognsQRS1buS2AU0QmavNitMF,q2fdWlyGBmnZ8nkvLfF4xuMF,iPad,"",https://squareup.com/dashboard/sales/transactions/ognsQRS1buS2AU0QmavNitMF/by-unit/0WT1WCKZW65WD,Payment,Cedar Rapids,"",SV32ATVX4N1N4ZJCRXD39C4VG4,razel718@gmail.com,"",ea,1
05/05/19,16:44:47,Central Time (US & Canada),None,Custom Amount,1.0,"","","",$5.00,$0.00,$5.00,$0.00,ognsQRS1buS2AU0QmavNitMF,q2fdWlyGBmnZ8nkvLfF4xuMF,iPad,Shipping out of state ,https://squareup.com/dashboard/sales/transactions/ognsQRS1buS2AU0QmavNitMF/by-unit/0WT1WCKZW65WD,Payment,Cedar Rapids,"",SV32ATVX4N1N4ZJCRXD39C4VG4,razel718@gmail.com,"",ea,1
05/05/19,15:27:52,Central Time (US & Canada),None,Custom Amount,1.0,"","","",$113.98,$0.00,$113.98,$0.00,zCrjowtCSd5qrrj0pq5p9J9eV,v8O3RE4lYCxprLGxqnzZgxMF,"",Order #2620 from Frond Design Studios,https://squareup.com/dashboard/sales/transactions/zCrjowtCSd5qrrj0pq5p9J9eV/by-unit/42TJQ2B36EQBG,Payment,Web,"",7N065X37JD69EH9BV8FZ21YYZG,"","",ea,1
05/05/19,14:14:37,Central Time (US & Canada),Fabric,Cotton Fabric,2.0,Regular,"",1 yd,$25.00,$0.00,$25.00,$1.75,2t249eZvTZ5335eLTnmsgzMF,0oQbUAuox2qFdOwSolYJwsMF,iPad,"",https://squareup.com/dashboard/sales/transactions/2t249eZvTZ5335eLTnmsgzMF/by-unit/0WT1WCKZW65WD,Payment,Cedar Rapids,"",AZV344W1VX7BTMFTNFF4958H08,Ruth Mcmonagle,"",ea,2
05/05/19,12:46:32,Central Time (US & Canada),None,Custom Amount,1.0,"","","",$58.99,$0.00,$58.99,$4.13,4uKI212lJ5LKP7b8VRlc4tMF,32CdGZbQJJAQN3tUkf7n7vMF,iPad,"",https://squareup.com/dashboard/sales/transactions/4uKI212lJ5LKP7b8VRlc4tMF/by-unit/0WT1WCKZW65WD,Payment,Cedar Rapids,"",4EAVJHQHYH52WS4AEKKW7JM18C,Melissa Coeur,"",ea,1
05/04/19,19:39:50,Central Time (US & Canada),None,Custom Amount,1.0,"","","",$123.97,$0.00,$123.97,$0.00,nK2JkdZUOOOgCLK10jiHHA6eV,BJAB34kbRhRGIWwXiCd81tMF,"",Order #2616 from Frond Design Studios,https://squareup.com/dashboard/sales/transactions/nK2JkdZUOOOgCLK10jiHHA6eV/by-unit/42TJQ2B36EQBG,Payment,Web,"","","","",ea,1
05/04/19,15:50:30,Central Time (US & Canada),None,Vintage Yellow Spring,1.0,Regular,"","",$39.00,$0.00,$39.00,$2.73,AG2PNNEQf8zjJYhuEXhd1xMF,mLc6PmbUuTpExBF1WvQpexMF,iPad,"",https://squareup.com/dashboard/sales/transactions/AG2PNNEQf8zjJYhuEXhd1xMF/by-unit/0WT1WCKZW65WD,Payment,Cedar Rapids,"",C8SEPCK7F507PX9A0421FCGC8M,"","",ea,1
05/04/19,12:14:08,Central Time (US & Canada),Fabric,Cotton Fabric,1.0,Regular,"",1 yd,$12.50,$0.00,$12.50,$0.88,edUKIJuUGe66L6tEjmAmqsMF,gI2fR7ElBxZw8BYaddxtxyMF,iPad,"",https://squareup.com/dashboard/sales/transactions/edUKIJuUGe66L6tEjmAmqsMF/by-unit/0WT1WCKZW65WD,Payment,Cedar Rapids,"",MYHCY6KP01346GEVND4FZGAH6C,Caroline Kahler,"",ea,1
05/03/19,16:22:06,Central Time (US & Canada),None,Custom Amount,1.0,"","","",$30.00,$0.00,$30.00,$0.00,KXWM5tUBYz7FWkpuej3M9yMF,GEMvVnWNuF73JWNPeW0sxwMF,iPad,Magnolia pillow case,https://squareup.com/dashboard/sales/transactions/KXWM5tUBYz7FWkpuej3M9yMF/by-unit/0WT1WCKZW65WD,Payment,Cedar Rapids,"",9QVQH2VK1N1BMQAWCVYZ928YR0,Rachel Schlager,"",ea,1
05/03/19,15:41:08,Central Time (US & Canada),None,Custom Amount,1.0,"","","",$60.00,$-30.00,$30.00,$2.10,CpL1t0TPoLOmDxvMMyTvbvMF,cAoN17DubK2aQlNJkhw5S,iPad,Magnolia pillow,https://squareup.com/dashboard/sales/transactions/CpL1t0TPoLOmDxvMMyTvbvMF/by-unit/0WT1WCKZW65WD,Payment,Cedar Rapids,"","","","",ea,1
05/03/19,15:41:08,Central Time (US & Canada),None,Custom Amount,1.0,"","","",$60.00,$-30.00,$30.00,$2.10,CpL1t0TPoLOmDxvMMyTvbvMF,cAoN17DubK2aQlNJkhw5S,iPad,Magnolia pillow ,https://squareup.com/dashboard/sales/transactions/CpL1t0TPoLOmDxvMMyTvbvMF/by-unit/0WT1WCKZW65WD,Payment,Cedar Rapids,"","","","",ea,1
05/03/19,13:20:04,Central Time (US & Canada),Fabric,Cotton Fabric,1.0,Regular,"",1/4 yd,$3.13,$0.00,$3.13,$0.22,itz6k6AsC6sNI1iuawFzesMF,D2n5HrDBNisKvwugJsP7TwMF,iPad,"",https://squareup.com/dashboard/sales/transactions/itz6k6AsC6sNI1iuawFzesMF/by-unit/0WT1WCKZW65WD,Payment,Cedar Rapids,"",4C731CBBGN7WRVJPFD1B6M7BXM,Elizabeth Zabel,"",ea,1
05/03/19,13:06:17,Central Time (US & Canada),None,Custom Amount,1.0,"","","",$134.36,$0.00,$134.36,$0.00,BB35R72v7RlhoQCDLpNFsQ1eV,VsX0Ho3tRzFEGWsqW6HO4xMF,Stephanie Brandenburg,"",https://squareup.com/dashboard/sales/transactions/BB35R72v7RlhoQCDLpNFsQ1eV/by-unit/39APN171F274W,Payment,Trade Shows,"",830DJSB0G93FPPYS47TBQW2NXC,"","",ea,1
05/03/19,12:54:19,Central Time (US & Canada),None,Custom Amount,1.0,"","","",$624.75,$0.00,$624.75,$0.00,TGRFmwk83NEHmnMwfKdslpreV,kfpsgVBFTplMlp9plM1ABzMF,Stephanie Brandenburg,"",https://squareup.com/dashboard/sales/transactions/TGRFmwk83NEHmnMwfKdslpreV/by-unit/39APN171F274W,Payment,Trade Shows,"",830DJSB0G93FPPYS47TBQW2NXC,"","",ea,1
05/03/19,12:50:22,Central Time (US & Canada),Fabric,Cotton Fabric,1.0,Regular,"",1 yd,$12.50,$0.00,$12.50,$0.88,CncifeWVA6mVWtLDh0gbxsMF,IxAnhwfAz937RZOHqb7oPuMF,iPad,"",https://squareup.com/dashboard/sales/transactions/CncifeWVA6mVWtLDh0gbxsMF/by-unit/0WT1WCKZW65WD,Payment,Cedar Rapids,"",4BCHYVYWV96R4V41SRZY948MAW,Rebekah Yoder,"",ea,1
05/03/19,12:09:20,Central Time (US & Canada),Fabric,Cotton Fabric,2.0,Regular,"",1 yd,$25.00,$-12.50,$12.50,$0.88,OZuGQRGUrqFnHHWkQtcR5xMF,cPitoT4fMxRNQkedDDDouuMF,iPad,"",https://squareup.com/dashboard/sales/transactions/OZuGQRGUrqFnHHWkQtcR5xMF/by-unit/0WT1WCKZW65WD,Payment,Cedar Rapids,"",Q8JHTSMSYD4G4MHV2M1EDHSQ8M,Nancy Ruth,"",ea,2
05/03/19,12:09:20,Central Time (US & Canada),Notions,Aurifil Thread 12 Wt Variegated Thread,2.0,Single Spool,"","",$24.00,$-12.00,$12.00,$0.84,OZuGQRGUrqFnHHWkQtcR5xMF,cPitoT4fMxRNQkedDDDouuMF,iPad,"",https://squareup.com/dashboard/sales/transactions/OZuGQRGUrqFnHHWkQtcR5xMF/by-unit/0WT1WCKZW65WD,Payment,Cedar Rapids,"",Q8JHTSMSYD4G4MHV2M1EDHSQ8M,Nancy Ruth,"",ea,2
05/03/19,12:07:39,Central Time (US & Canada),Fabric,Cotton Fabric,18.0,Regular,"",1 yd,$225.00,$0.00,$225.00,$15.75,K9xWiYOBea7KOKoMBsNEovMF,Ch14d7G6PigOMAAWC9p5S,iPad,"",https://squareup.com/dashboard/sales/transactions/K9xWiYOBea7KOKoMBsNEovMF/by-unit/0WT1WCKZW65WD,Payment,Cedar Rapids,"","","","",ea,18
05/03/19,12:07:39,Central Time (US & Canada),Fabric,Cotton Fabric,1.0,Regular,"",3/4 yd,$9.38,$0.00,$9.38,$0.66,K9xWiYOBea7KOKoMBsNEovMF,Ch14d7G6PigOMAAWC9p5S,iPad,"",https://squareup.com/dashboard/sales/transactions/K9xWiYOBea7KOKoMBsNEovMF/by-unit/0WT1WCKZW65WD,Payment,Cedar Rapids,"","","","",ea,1
05/03/19,12:07:39,Central Time (US & Canada),None,Custom Amount,1.0,"","","",$20.00,$0.00,$20.00,$1.40,K9xWiYOBea7KOKoMBsNEovMF,Ch14d7G6PigOMAAWC9p5S,iPad,Cherywood handdye,https://squareup.com/dashboard/sales/transactions/K9xWiYOBea7KOKoMBsNEovMF/by-unit/0WT1WCKZW65WD,Payment,Cedar Rapids,"","","","",ea,1
05/03/19,12:07:39,Central Time (US & Canada),None,Custom Amount,1.0,"","","",$40.00,$0.00,$40.00,$2.80,K9xWiYOBea7KOKoMBsNEovMF,Ch14d7G6PigOMAAWC9p5S,iPad,Cherrywood,https://squareup.com/dashboard/sales/transactions/K9xWiYOBea7KOKoMBsNEovMF/by-unit/0WT1WCKZW65WD,Payment,Cedar Rapids,"","","","",ea,1
05/02/19,20:51:43,Central Time (US & Canada),Classes,Add On Class,1.0,Regular,"","",$19.99,$0.00,$19.99,$1.40,UOlBCtW46QzJlMX3eAKSZxMF,AlnBEEfiQmITSNNfdvQiCvMF,iPad,"",https://squareup.com/dashboard/sales/transactions/UOlBCtW46QzJlMX3eAKSZxMF/by-unit/0WT1WCKZW65WD,Payment,Cedar Rapids,"",ZM0J2DG25X5BARXEDFGM5V63DW,Kimberly Knapp,"",ea,1
05/02/19,20:50:57,Central Time (US & Canada),Classes,Add On Class,1.0,Regular,"","",$19.99,$0.00,$19.99,$1.40,0Od5Ak5MYkN0v6bsPBDCssMF,8PozTZJcmGl9YGoOIkTjStMF,iPad,"",https://squareup.com/dashboard/sales/transactions/0Od5Ak5MYkN0v6bsPBDCssMF/by-unit/0WT1WCKZW65WD,Payment,Cedar Rapids,"",PTJHFC9ZF5482QGA6M4GY2624G,Melissa Wallace,"",ea,1
05/02/19,20:36:16,Central Time (US & Canada),None,Custom Amount,1.0,"","","",$39.99,$0.00,$39.99,$2.80,Kd5KoF2oKnUwh1LnVhPbZxMF,WxpvKeLH3RkEts9hiiGb3wMF,iPad,"",https://squareup.com/dashboard/sales/transactions/Kd5KoF2oKnUwh1LnVhPbZxMF/by-unit/0WT1WCKZW65WD,Payment,Cedar Rapids,"",GWN2C12CTX170MPZ0KHRRF6DSC,Wynema Earl,"",ea,1
05/02/19,20:36:16,Central Time (US & Canada),Notions,Superior Fantastico 40 Wt Thread,1.0,Regular,"","",$8.99,$0.00,$8.99,$0.63,Kd5KoF2oKnUwh1LnVhPbZxMF,WxpvKeLH3RkEts9hiiGb3wMF,iPad,"",https://squareup.com/dashboard/sales/transactions/Kd5KoF2oKnUwh1LnVhPbZxMF/by-unit/0WT1WCKZW65WD,Payment,Cedar Rapids,"",GWN2C12CTX170MPZ0KHRRF6DSC,Wynema Earl,"",ea,1
05/02/19,20:11:18,Central Time (US & Canada),None,Custom Amount,1.0,"","","",$19.99,$0.00,$19.99,$1.40,iFh9jXFZuYrIYzdLyQOzczMF,NmqCtvZi84yjhSzFeGFNPyMF,iPad,"",https://squareup.com/dashboard/sales/transactions/iFh9jXFZuYrIYzdLyQOzczMF/by-unit/0WT1WCKZW65WD,Payment,Cedar Rapids,"",NZE9ZEFDQ95MAS9TNK382WTQDM,Claire Leverington,"",ea,1
05/02/19,19:59:23,Central Time (US & Canada),None,Custom Amount,1.0,"","","",$55.00,$0.00,$55.00,$3.85,eh499BXF7sPAKMrHf4HZsvMF,i1AkmVAVTIBud4zr1jjIDtMF,iPad,"",https://squareup.com/dashboard/sales/transactions/eh499BXF7sPAKMrHf4HZsvMF/by-unit/0WT1WCKZW65WD,Payment,Cedar Rapids,"",BQF8W7TA114TMJM60FBM06FY1G,Jody Toms,"",ea,1
05/02/19,19:59:23,Central Time (US & Canada),None,Custom Amount,1.0,"","","",$19.99,$0.00,$19.99,$1.40,eh499BXF7sPAKMrHf4HZsvMF,i1AkmVAVTIBud4zr1jjIDtMF,iPad,"",https://squareup.com/dashboard/sales/transactions/eh499BXF7sPAKMrHf4HZsvMF/by-unit/0WT1WCKZW65WD,Payment,Cedar Rapids,"",BQF8W7TA114TMJM60FBM06FY1G,Jody Toms,"",ea,1
05/02/19,19:59:23,Central Time (US & Canada),None,Custom Amount,1.0,"","","",$11.00,$0.00,$11.00,$0.77,eh499BXF7sPAKMrHf4HZsvMF,i1AkmVAVTIBud4zr1jjIDtMF,iPad,"",https://squareup.com/dashboard/sales/transactions/eh499BXF7sPAKMrHf4HZsvMF/by-unit/0WT1WCKZW65WD,Payment,Cedar Rapids,"",BQF8W7TA114TMJM60FBM06FY1G,Jody Toms,"",ea,1
05/02/19,19:26:50,Central Time (US & Canada),Fabric,2 For 22,2.0,Regular Price,"","",$44.00,$0.00,$44.00,$3.08,OH3lTRgnVTI08uEasyWlbyMF,1Jyzx03BYFaXcflhgMoKXtMF,iPad,"",https://squareup.com/dashboard/sales/transactions/OH3lTRgnVTI08uEasyWlbyMF/by-unit/0WT1WCKZW65WD,Payment,Cedar Rapids,"",V17GZMVAWX5KAV993QDPX3Z95R,Nancy Tate,"",ea,2
05/02/19,19:26:50,Central Time (US & Canada),Fabric,1 yd - 2 for 22,1.0,Regular,"","",$11.00,$0.00,$11.00,$0.77,OH3lTRgnVTI08uEasyWlbyMF,1Jyzx03BYFaXcflhgMoKXtMF,iPad,"",https://squareup.com/dashboard/sales/transactions/OH3lTRgnVTI08uEasyWlbyMF/by-unit/0WT1WCKZW65WD,Payment,Cedar Rapids,"",V17GZMVAWX5KAV993QDPX3Z95R,Nancy Tate,"",ea,1
05/02/19,19:26:50,Central Time (US & Canada),Fabric,2 For 22,1.0,Regular Price,"","",$22.00,$0.00,$22.00,$1.54,OH3lTRgnVTI08uEasyWlbyMF,1Jyzx03BYFaXcflhgMoKXtMF,iPad,"",https://squareup.com/dashboard/sales/transactions/OH3lTRgnVTI08uEasyWlbyMF/by-unit/0WT1WCKZW65WD,Payment,Cedar Rapids,"",V17GZMVAWX5KAV993QDPX3Z95R,Nancy Tate,"",ea,1
05/02/19,19:26:50,Central Time (US & Canada),Fabric,1 yd - 2 for 22,1.0,Regular,"","",$11.00,$0.00,$11.00,$0.77,OH3lTRgnVTI08uEasyWlbyMF,1Jyzx03BYFaXcflhgMoKXtMF,iPad,"",https://squareup.com/dashboard/sales/transactions/OH3lTRgnVTI08uEasyWlbyMF/by-unit/0WT1WCKZW65WD,Payment,Cedar Rapids,"",V17GZMVAWX5KAV993QDPX3Z95R,Nancy Tate,"",ea,1
05/02/19,19:26:50,Central Time (US & Canada),Fabric,2 For 22,1.0,Regular Price,"","",$22.00,$0.00,$22.00,$1.54,OH3lTRgnVTI08uEasyWlbyMF,1Jyzx03BYFaXcflhgMoKXtMF,iPad,"",https://squareup.com/dashboard/sales/transactions/OH3lTRgnVTI08uEasyWlbyMF/by-unit/0WT1WCKZW65WD,Payment,Cedar Rapids,"",V17GZMVAWX5KAV993QDPX3Z95R,Nancy Tate,"",ea,1
05/02/19,19:26:50,Central Time (US & Canada),Fabric,1 yd - 2 for 22,1.0,Regular,"","",$11.00,$0.00,$11.00,$0.77,OH3lTRgnVTI08uEasyWlbyMF,1Jyzx03BYFaXcflhgMoKXtMF,iPad,"",https://squareup.com/dashboard/sales/transactions/OH3lTRgnVTI08uEasyWlbyMF/by-unit/0WT1WCKZW65WD,Payment,Cedar Rapids,"",V17GZMVAWX5KAV993QDPX3Z95R,Nancy Tate,"",ea,1
05/02/19,19:26:50,Central Time (US & Canada),None,Custom Amount,1.0,"","","",$13.99,$0.00,$13.99,$0.98,OH3lTRgnVTI08uEasyWlbyMF,1Jyzx03BYFaXcflhgMoKXtMF,iPad,"",https://squareup.com/dashboard/sales/transactions/OH3lTRgnVTI08uEasyWlbyMF/by-unit/0WT1WCKZW65WD,Payment,Cedar Rapids,"",V17GZMVAWX5KAV993QDPX3Z95R,Nancy Tate,"",ea,1
05/02/19,19:26:50,Central Time (US & Canada),None,Custom Amount,1.0,"","","",$11.00,$0.00,$11.00,$0.77,OH3lTRgnVTI08uEasyWlbyMF,1Jyzx03BYFaXcflhgMoKXtMF,iPad,"",https://squareup.com/dashboard/sales/transactions/OH3lTRgnVTI08uEasyWlbyMF/by-unit/0WT1WCKZW65WD,Payment,Cedar Rapids,"",V17GZMVAWX5KAV993QDPX3Z95R,Nancy Tate,"",ea,1
05/02/19,19:26:50,Central Time (US & Canada),None,Custom Amount,1.0,"","","",$20.00,$0.00,$20.00,$1.40,OH3lTRgnVTI08uEasyWlbyMF,1Jyzx03BYFaXcflhgMoKXtMF,iPad,Cherrywood,https://squareup.com/dashboard/sales/transactions/OH3lTRgnVTI08uEasyWlbyMF/by-unit/0WT1WCKZW65WD,Payment,Cedar Rapids,"",V17GZMVAWX5KAV993QDPX3Z95R,Nancy Tate,"",ea,1
05/02/19,19:26:50,Central Time (US & Canada),None,Custom Amount,1.0,"","","",$5.50,$0.00,$5.50,$0.38,OH3lTRgnVTI08uEasyWlbyMF,1Jyzx03BYFaXcflhgMoKXtMF,iPad,"",https://squareup.com/dashboard/sales/transactions/OH3lTRgnVTI08uEasyWlbyMF/by-unit/0WT1WCKZW65WD,Payment,Cedar Rapids,"",V17GZMVAWX5KAV993QDPX3Z95R,Nancy Tate,"",ea,1
05/02/19,19:26:50,Central Time (US & Canada),Kits,Feng Shui - Lily (32x34 Incl),1.0,Regular,FENG-POLI-K,"",$79.00,$0.00,$79.00,$5.53,OH3lTRgnVTI08uEasyWlbyMF,1Jyzx03BYFaXcflhgMoKXtMF,iPad,"",https://squareup.com/dashboard/sales/transactions/OH3lTRgnVTI08uEasyWlbyMF/by-unit/0WT1WCKZW65WD,Payment,Cedar Rapids,"",V17GZMVAWX5KAV993QDPX3Z95R,Nancy Tate,"",ea,1
05/02/19,19:26:50,Central Time (US & Canada),None,Custom Amount,1.0,"","","",$12.00,$0.00,$12.00,$0.84,OH3lTRgnVTI08uEasyWlbyMF,1Jyzx03BYFaXcflhgMoKXtMF,iPad,"",https://squareup.com/dashboard/sales/transactions/OH3lTRgnVTI08uEasyWlbyMF/by-unit/0WT1WCKZW65WD,Payment,Cedar Rapids,"",V17GZMVAWX5KAV993QDPX3Z95R,Nancy Tate,"",ea,1
05/02/19,19:26:50,Central Time (US & Canada),None,Custom Amount,1.0,"","","",$49.00,$0.00,$49.00,$3.43,OH3lTRgnVTI08uEasyWlbyMF,1Jyzx03BYFaXcflhgMoKXtMF,iPad,"",https://squareup.com/dashboard/sales/transactions/OH3lTRgnVTI08uEasyWlbyMF/by-unit/0WT1WCKZW65WD,Payment,Cedar Rapids,"",V17GZMVAWX5KAV993QDPX3Z95R,Nancy Tate,"",ea,1
05/02/19,19:26:50,Central Time (US & Canada),None,Custom Amount,1.0,"","","",$19.99,$0.00,$19.99,$1.40,OH3lTRgnVTI08uEasyWlbyMF,1Jyzx03BYFaXcflhgMoKXtMF,iPad,"",https://squareup.com/dashboard/sales/transactions/OH3lTRgnVTI08uEasyWlbyMF/by-unit/0WT1WCKZW65WD,Payment,Cedar Rapids,"",V17GZMVAWX5KAV993QDPX3Z95R,Nancy Tate,"",ea,1
05/02/19,19:06:29,Central Time (US & Canada),None,Custom Amount,1.0,"","","",$65.99,$0.00,$65.99,$0.00,ZtfvOPG5D1OHZBUqPbiOOJyeV,dIJppl3lEWkXzCKUGpBGgvMF,"",Order #2600 from Frond Design Studios,https://squareup.com/dashboard/sales/transactions/ZtfvOPG5D1OHZBUqPbiOOJyeV/by-unit/42TJQ2B36EQBG,Payment,Web,"",2780ZYJ8XD4DGK07PNQSBYWWRR,Cheryl Dimiceli,"",ea,1
05/02/19,18:31:08,Central Time (US & Canada),None,Custom Amount,1.0,"","","",$65.99,$0.00,$65.99,$0.00,rk2157ZTD4UG59UWcck1pU2eV,aG5xS0u8FsiwtxvRmZndRxMF,"",Order #2597 from Frond Design Studios,https://squareup.com/dashboard/sales/transactions/rk2157ZTD4UG59UWcck1pU2eV/by-unit/42TJQ2B36EQBG,Payment,Web,"",P1FE02TGE125TS9C4KJJPXCYW8,Sandra Kaufman,"",ea,1
05/02/19,16:26:58,Central Time (US & Canada),None,Custom Amount,1.0,"","","",$19.99,$0.00,$19.99,$1.40,GdA56Lmib5kBhrS359mzKzMF,la3t5YObKHuIQjVtDXbcTuMF,iPad,"",https://squareup.com/dashboard/sales/transactions/GdA56Lmib5kBhrS359mzKzMF/by-unit/0WT1WCKZW65WD,Payment,Cedar Rapids,"",9QVQH2VK1N1BMQAWCVYZ928YR0,Rachel Schlager,"",ea,1
05/02/19,14:54:48,Central Time (US & Canada),Notions,Needles - Tulip,1.0,Regular,"","",$8.50,$0.00,$8.50,$0.60,e5uOjTYYu57LgTOOjaR5WtMF,tWMrabaWtUxWODsRnl11bsMF,iPad,"",https://squareup.com/dashboard/sales/transactions/e5uOjTYYu57LgTOOjaR5WtMF/by-unit/0WT1WCKZW65WD,Payment,Cedar Rapids,"",6XZBPRQTA54ZWV8HQ7F18HGXQG,Lauren Parsons,"",ea,1
05/02/19,13:44:20,Central Time (US & Canada),Notions,Wedge Iron Clover,1.0,Regular,"","",$49.98,$0.00,$49.98,$3.50,GVElOpHrdki8c4g48qCaVvMF,OlkcEjE5FzF0upezeJRTiwMF,iPad,"",https://squareup.com/dashboard/sales/transactions/GVElOpHrdki8c4g48qCaVvMF/by-unit/0WT1WCKZW65WD,Payment,Cedar Rapids,"",TEHWXZMMF51G2GXEKBGXEB6CYR,Shawn Atay,"",ea,1
05/02/19,13:44:20,Central Time (US & Canada),None,Custom Amount,1.0,"","","",$129.00,$0.00,$129.00,$9.03,GVElOpHrdki8c4g48qCaVvMF,OlkcEjE5FzF0upezeJRTiwMF,iPad,Kids dress,https://squareup.com/dashboard/sales/transactions/GVElOpHrdki8c4g48qCaVvMF/by-unit/0WT1WCKZW65WD,Payment,Cedar Rapids,"",TEHWXZMMF51G2GXEKBGXEB6CYR,Shawn Atay,"",ea,1
05/02/19,13:44:20,Central Time (US & Canada),None,Custom Amount,1.0,"","","",$39.00,$0.00,$39.00,$2.73,GVElOpHrdki8c4g48qCaVvMF,OlkcEjE5FzF0upezeJRTiwMF,iPad,Kids dress,https://squareup.com/dashboard/sales/transactions/GVElOpHrdki8c4g48qCaVvMF/by-unit/0WT1WCKZW65WD,Payment,Cedar Rapids,"",TEHWXZMMF51G2GXEKBGXEB6CYR,Shawn Atay,"",ea,1
05/02/19,13:44:20,Central Time (US & Canada),None,Custom Amount,1.0,"","","",$69.00,$0.00,$69.00,$4.83,GVElOpHrdki8c4g48qCaVvMF,OlkcEjE5FzF0upezeJRTiwMF,iPad,Tunic,https://squareup.com/dashboard/sales/transactions/GVElOpHrdki8c4g48qCaVvMF/by-unit/0WT1WCKZW65WD,Payment,Cedar Rapids,"",TEHWXZMMF51G2GXEKBGXEB6CYR,Shawn Atay,"",ea,1
05/02/19,13:44:20,Central Time (US & Canada),None,Custom Amount,1.0,"","","",$79.00,$0.00,$79.00,$5.53,GVElOpHrdki8c4g48qCaVvMF,OlkcEjE5FzF0upezeJRTiwMF,iPad,Pillow ,https://squareup.com/dashboard/sales/transactions/GVElOpHrdki8c4g48qCaVvMF/by-unit/0WT1WCKZW65WD,Payment,Cedar Rapids,"",TEHWXZMMF51G2GXEKBGXEB6CYR,Shawn Atay,"",ea,1
05/02/19,13:44:20,Central Time (US & Canada),Handmade,Luggage Tag,4.0,Regular,"","",$51.96,$0.00,$51.96,$3.64,GVElOpHrdki8c4g48qCaVvMF,OlkcEjE5FzF0upezeJRTiwMF,iPad,"",https://squareup.com/dashboard/sales/transactions/GVElOpHrdki8c4g48qCaVvMF/by-unit/0WT1WCKZW65WD,Payment,Cedar Rapids,"",TEHWXZMMF51G2GXEKBGXEB6CYR,Shawn Atay,"",ea,4
05/02/19,13:29:29,Central Time (US & Canada),Handmade,Other Handmade - ADD NOTE,1.0,Regular,"","",$69.00,$0.00,$69.00,$4.83,kYKpriDgr6ji0Re45xNA3wMF,vaeVLqSqiCeQYPgJSGqaIuMF,iPad,Tunic ,https://squareup.com/dashboard/sales/transactions/kYKpriDgr6ji0Re45xNA3wMF/by-unit/0WT1WCKZW65WD,Payment,Cedar Rapids,"",TEHWXZMMF51G2GXEKBGXEB6CYR,Shawn Atay,"",ea,1
05/02/19,12:17:21,Central Time (US & Canada),None,Custom Amount,1.0,"","","",$105.00,$0.00,$105.00,$0.00,pJXOAcbdrUzXILto7lGLqyneV,TWNAhgmi3T0qFTeav4GyNyMF,"",Order #2595 from Frond Design Studios,https://squareup.com/dashboard/sales/transactions/pJXOAcbdrUzXILto7lGLqyneV/by-unit/42TJQ2B36EQBG,Payment,Web,"",AFWMR7S0E55HAR28H1G52REGWR,Christine Weinberg,"",ea,1
05/02/19,11:59:06,Central Time (US & Canada),Fabric,Cotton Fabric,1.0,Regular,"","1 yd, 1/2 yd",$18.75,$0.00,$18.75,$1.31,y3QYCDv7BizQrNlIWCifStMF,O7PEhq9zkFkIyzdbL625S,iPad,"",https://squareup.com/dashboard/sales/transactions/y3QYCDv7BizQrNlIWCifStMF/by-unit/0WT1WCKZW65WD,Payment,Cedar Rapids,"","","","",ea,1
05/02/19,11:59:06,Central Time (US & Canada),Fabric,Cotton Panel,1.0,Single,PANL-1COT,"",$9.50,$0.00,$9.50,$0.66,y3QYCDv7BizQrNlIWCifStMF,O7PEhq9zkFkIyzdbL625S,iPad,"",https://squareup.com/dashboard/sales/transactions/y3QYCDv7BizQrNlIWCifStMF/by-unit/0WT1WCKZW65WD,Payment,Cedar Rapids,"","","","",ea,1
05/02/19,11:59:06,Central Time (US & Canada),Fabric,Cotton Fabric,1.0,Regular,"",1 yd,$12.50,$0.00,$12.50,$0.88,y3QYCDv7BizQrNlIWCifStMF,O7PEhq9zkFkIyzdbL625S,iPad,"",https://squareup.com/dashboard/sales/transactions/y3QYCDv7BizQrNlIWCifStMF/by-unit/0WT1WCKZW65WD,Payment,Cedar Rapids,"","","","",ea,1
05/02/19,11:59:06,Central Time (US & Canada),Fabric,Fat Quarters 3 For $10,1.0,Regular,"","",$10.00,$0.00,$10.00,$0.70,y3QYCDv7BizQrNlIWCifStMF,O7PEhq9zkFkIyzdbL625S,iPad,"",https://squareup.com/dashboard/sales/transactions/y3QYCDv7BizQrNlIWCifStMF/by-unit/0WT1WCKZW65WD,Payment,Cedar Rapids,"","","","",ea,1
05/02/19,11:22:53,Central Time (US & Canada),None,Custom Amount,1.0,"","","",$178.49,$0.00,$178.49,$0.00,J1vvWUiPbGKi7zbsBK6FybseV,sWo44ooNGw3OxePjUS770uMF,"",Order #2592 from Frond Design Studios,https://squareup.com/dashboard/sales/transactions/J1vvWUiPbGKi7zbsBK6FybseV/by-unit/42TJQ2B36EQBG,Payment,Web,"",5GJWPD5YPX6B8W222W5F5A29G8,Arvid Merkner,"",ea,1
05/02/19,06:11:43,Central Time (US & Canada),None,Custom Amount,1.0,"","","",$65.99,$0.00,$65.99,$0.00,jQYACWPf7YgmSQdMOMSg2wxeV,mkKQb71gUhboEljLk5Ud5tMF,"",Order #2586 from Frond Design Studios,https://squareup.com/dashboard/sales/transactions/jQYACWPf7YgmSQdMOMSg2wxeV/by-unit/42TJQ2B36EQBG,Payment,Web,"","","","",ea,1
05/01/19,17:53:46,Central Time (US & Canada),None,Custom Amount,1.0,"","","",$104.99,$0.00,$104.99,$0.00,tDHiVozmciLyi127JqOcFz5eV,wyY3155WpuO0m6y6uBKE5xMF,"",Order #2582 from Frond Design Studios,https://squareup.com/dashboard/sales/transactions/tDHiVozmciLyi127JqOcFz5eV/by-unit/42TJQ2B36EQBG,Payment,Web,"","","","",ea,1
05/01/19,16:05:21,Central Time (US & Canada),None,Custom Amount,1.0,"","","",$636.11,$0.00,$636.11,$0.00,hZFswb4DGzqRzBQ7VXdqvqyeV,U8dMyAfRY04S6199shrGrvMF,Stephanie Brandenburg,"",https://squareup.com/dashboard/sales/transactions/hZFswb4DGzqRzBQ7VXdqvqyeV/by-unit/39APN171F274W,Payment,Trade Shows,"",7MRM53TE6N70TX4XZ9FTJBJA14,Wax &,"",ea,1
05/01/19,15:41:44,Central Time (US & Canada),Classes,Add On Class,1.0,Regular,"","",$19.99,$-10.00,$9.99,$0.70,koKdZXhuMxfZIXyuItz8byMF,8hSTnGh7T385Rt7gB35E0zMF,iPad,"",https://squareup.com/dashboard/sales/transactions/koKdZXhuMxfZIXyuItz8byMF/by-unit/0WT1WCKZW65WD,Payment,Cedar Rapids,"",9QVQH2VK1N1BMQAWCVYZ928YR0,Rachel Schlager,"",ea,1
05/01/19,13:00:59,Central Time (US & Canada),None,Custom Amount,1.0,"","","",$18.00,$0.00,$18.00,$0.00,J1jFSdzTpxvwUg5UOVtrAA7eV,EiMiyOagJnpZySWHt9QwsyMF,"",Order #2581 from Frond Design Studios,https://squareup.com/dashboard/sales/transactions/J1jFSdzTpxvwUg5UOVtrAA7eV/by-unit/42TJQ2B36EQBG,Payment,Web,"",8CGEAS6CK9374PXZ7P4QA6FVXC,"","",ea,1
05/01/19,11:07:06,Central Time (US & Canada),Fabric,Cotton Fabric,2.0,Regular,"",1 yd,$25.00,$0.00,$25.00,$1.75,wiaSaRN0vgmADCOdwqeZOxMF,LxDJFGdgQDHLc3GYLkmxvuMF,iPad,"",https://squareup.com/dashboard/sales/transactions/wiaSaRN0vgmADCOdwqeZOxMF/by-unit/0WT1WCKZW65WD,Payment,Cedar Rapids,"",SNBMPT5ED92F6KZ1BCCW5GF5RM,Susan Cooper,"",ea,2
