Date,Time,Time Zone,Category,Item,Qty,Price Point Name,SKU,Modifiers Applied,Gross Sales,Discounts,Net Sales,Tax,Transaction ID,Payment ID,Device Name,Notes,Details,Event Type,Location,Dining Option,Customer ID,Customer Name,Customer Reference ID,Unit,Count
09/07/19,19:26:00,Central Time (US & Canada),None,Custom Amount,1.0,"","","",$18.19,$0.00,$18.19,$0.00,lvrwRs5NeqtBUu4XU1LMO5meV,bpjvXmIngfgT9F3nvtUhhzMF,"",Order #3038 from Frond Design Studios,https://squareup.com/dashboard/sales/transactions/lvrwRs5NeqtBUu4XU1LMO5meV/by-unit/42TJQ2B36EQBG,Payment,Web,"",7E5JGVDY6H3VS528WVX0MHGTKR,"","",ea,1
09/07/19,17:35:56,Central Time (US & Canada),None,Custom Amount,1.0,"","","",$403.00,$0.00,$403.00,$0.00,FhergrludlrDLhW9TE4DGseeV,RJqn7w2lNTxm80AMy50BFvMF,Stephanie Brandenburg,"",https://squareup.com/dashboard/sales/transactions/FhergrludlrDLhW9TE4DGseeV/by-unit/39APN171F274W,Payment,Trade Shows,"",B0B60TTMC55F721T7GPS828M38,Hannah Lee,"",ea,1
09/07/19,17:15:57,Central Time (US & Canada),Notions,Wonderfil Mirage 30wt Thread,2.0,Regular,"","",$17.00,$0.00,$17.00,$1.19,qn0z1jZiQPOJtwWMVvNzNzMF,pe2o5283tFbeenMoCf9H9sMF,iPad,"",https://squareup.com/dashboard/sales/transactions/qn0z1jZiQPOJtwWMVvNzNzMF/by-unit/0WT1WCKZW65WD,Payment,Cedar Rapids,"",MPBT9X0F3D2T8PC5ZZSQR7ZPXW,Loren Varney,"",ea,2
09/07/19,17:12:50,Central Time (US & Canada),Fabric,1 yd - 2 for 22,11.0,Regular,"","",$121.00,$0.00,$121.00,$6.66,74ApOVV0dpPwYoQ9CNbX0g2eV,aaGEBPyyK4z8LsUtWbtppsMF,Stephanie Brandenburg,"",https://squareup.com/dashboard/sales/transactions/74ApOVV0dpPwYoQ9CNbX0g2eV/by-unit/39APN171F274W,Payment,Trade Shows,"",Y7FN07910X01RR7GDQWNVNGBE8,Mary Gillin,"",ea,11
09/07/19,17:10:19,Central Time (US & Canada),None,Custom Amount,1.0,"","","",$253.00,$0.00,$253.00,$0.00,13LABC8NvvmXIdxbbgAQg6weV,l92WruW3KCdk5PwhjIakLQB,Stephanie Brandenburg,"",https://squareup.com/dashboard/sales/transactions/13LABC8NvvmXIdxbbgAQg6weV/by-unit/39APN171F274W,Payment,Trade Shows,"",Z9SHNDKXT13K984QNGP2760NAR,gee@cauldergroup.com,"",ea,1
09/07/19,17:03:35,Central Time (US & Canada),None,Custom Amount,1.0,"","","",$280.50,$0.00,$280.50,$0.00,HQTwX5yh0hAfJrgRQBe5ONweV,jM1KMgdbHpaLAGQEm0qsYvMF,Stephanie Brandenburg,"",https://squareup.com/dashboard/sales/transactions/HQTwX5yh0hAfJrgRQBe5ONweV/by-unit/39APN171F274W,Payment,Trade Shows,"",2MV3K78Y116T521XZYX21XTXMR,Pola Nye,"",ea,1
09/07/19,16:48:26,Central Time (US & Canada),None,Custom Amount,1.0,"","","",$12.50,$0.00,$12.50,$0.69,xpjJKapKdd3ogVqGCnYGfnweV,VJTAjnXDrWXRtUsQosBPRyMF,Stephanie Brandenburg,"",https://squareup.com/dashboard/sales/transactions/xpjJKapKdd3ogVqGCnYGfnweV/by-unit/39APN171F274W,Payment,Trade Shows,"",BDTHQ9YD85409EH29HZ9MV3BR8,Teresa Meyer,"",ea,1
09/07/19,16:48:26,Central Time (US & Canada),None,Custom Amount,1.0,"","","",$9.99,$0.00,$9.99,$0.55,xpjJKapKdd3ogVqGCnYGfnweV,VJTAjnXDrWXRtUsQosBPRyMF,Stephanie Brandenburg,"",https://squareup.com/dashboard/sales/transactions/xpjJKapKdd3ogVqGCnYGfnweV/by-unit/39APN171F274W,Payment,Trade Shows,"",BDTHQ9YD85409EH29HZ9MV3BR8,Teresa Meyer,"",ea,1
09/07/19,16:27:58,Central Time (US & Canada),None,Custom Amount,1.0,"","","",$9.00,$0.00,$9.00,$0.50,NpCQ0GwmLRM5UUTU4FBvE43eV,vQ9YM026Ss0PjTLdlMSPKQB,Stephanie Brandenburg,"",https://squareup.com/dashboard/sales/transactions/NpCQ0GwmLRM5UUTU4FBvE43eV/by-unit/39APN171F274W,Payment,Trade Shows,"","","","",ea,1
09/07/19,16:07:00,Central Time (US & Canada),None,Custom Amount,1.0,"","","",$18.00,$0.00,$18.00,$0.99,faILtgON12SFZ6wQzfn5lQ0eV,lHfVpIEkiuWG5MfyiarARwMF,Stephanie Brandenburg,"",https://squareup.com/dashboard/sales/transactions/faILtgON12SFZ6wQzfn5lQ0eV/by-unit/39APN171F274W,Payment,Trade Shows,"",MRJNYTHD712J94A31SSEF01TGW,Barbara Chapman,"",ea,1
09/07/19,16:01:51,Central Time (US & Canada),None,Custom Amount,1.0,"","","",$12.00,$0.00,$12.00,$0.66,JRF7OuSuzBhp88rnJIxCa6zeV,p9JeAbJMY4STl9cbpEuFKQB,Stephanie Brandenburg,"",https://squareup.com/dashboard/sales/transactions/JRF7OuSuzBhp88rnJIxCa6zeV/by-unit/39APN171F274W,Payment,Trade Shows,"",J23BJPZTBX1T514S7ABZD5W4JC,"","",ea,1
09/07/19,15:55:00,Central Time (US & Canada),None,Juxtaposition-Pattern,1.0,Regular,"","",$12.00,$0.00,$12.00,$0.66,FpYmMNbUt0x00WAJTLJf78teV,NhAzJMUJxYJ0ODqPxiTkLQB,Stephanie Brandenburg,"",https://squareup.com/dashboard/sales/transactions/FpYmMNbUt0x00WAJTLJf78teV/by-unit/39APN171F274W,Payment,Trade Shows,"","","","",ea,1
09/07/19,15:52:20,Central Time (US & Canada),Fabric,2 For 22,1.0,Regular Price,"","",$22.00,$0.00,$22.00,$1.21,v8tX1WlPLGnjfx8zJZ2i4TyeV,C32fflTurR3lyiwHjOEuYyMF,Stephanie Brandenburg,"",https://squareup.com/dashboard/sales/transactions/v8tX1WlPLGnjfx8zJZ2i4TyeV/by-unit/39APN171F274W,Payment,Trade Shows,"",WPEPFTV59948PYV1DR5S1B5TP8,Frances Krupka,"",ea,1
09/07/19,15:51:15,Central Time (US & Canada),Fabric,2 For 22,2.0,Regular Price,"","",$44.00,$0.00,$44.00,$2.42,zkIT3j6MHidaXG3k2BzXVBqeV,l9esqdyJLhrNB7KesLHIKQB,Stephanie Brandenburg,"",https://squareup.com/dashboard/sales/transactions/zkIT3j6MHidaXG3k2BzXVBqeV/by-unit/39APN171F274W,Payment,Trade Shows,"","","","",ea,2
09/07/19,15:38:57,Central Time (US & Canada),None,Custom Amount,1.0,"","","",$29.00,$0.00,$29.00,$1.60,XSAOeNDQ1OQHBWYBu1AfTX3eV,B1lpkbWPTXJn9aO92SVwJQB,Stephanie Brandenburg,"",https://squareup.com/dashboard/sales/transactions/XSAOeNDQ1OQHBWYBu1AfTX3eV/by-unit/39APN171F274W,Payment,Trade Shows,"","","","",ea,1
09/07/19,15:30:42,Central Time (US & Canada),None,1 Yd - 12.50,1.0,Regular,"","",$12.50,$0.00,$12.50,$0.69,tr3eAu5Y2S2kfnncTis3yy8eV,ZPQD2qeRmMXWC6AMeFijKQB,Stephanie Brandenburg,"",https://squareup.com/dashboard/sales/transactions/tr3eAu5Y2S2kfnncTis3yy8eV/by-unit/39APN171F274W,Payment,Trade Shows,"","","","",ea,1
09/07/19,15:28:46,Central Time (US & Canada),Fabric,2 For 22,1.0,Regular Price,"","",$22.00,$0.00,$22.00,$1.21,XIfMK4BycQ6YKQMqbPkZ9hueV,fOH3UBffPYTc3fRHdNrs5zMF,Stephanie Brandenburg,"",https://squareup.com/dashboard/sales/transactions/XIfMK4BycQ6YKQMqbPkZ9hueV/by-unit/39APN171F274W,Payment,Trade Shows,"",24VXVP3MQN4RV61M2SXYVQN55C,Frances Crew,"",ea,1
09/07/19,15:26:38,Central Time (US & Canada),Fabric,1 yd - 2 for 22,3.0,Regular,"","",$33.00,$0.00,$33.00,$1.82,rY8N2DSSy1COGudXitR3m8ieV,BDfgRQeZbnCmkXTYtcQhFxMF,Stephanie Brandenburg,"",https://squareup.com/dashboard/sales/transactions/rY8N2DSSy1COGudXitR3m8ieV/by-unit/39APN171F274W,Payment,Trade Shows,"",QMQYB4RQBX1RN3GHWN6EZAZA1C,Karen Wells,"",ea,3
09/07/19,15:23:19,Central Time (US & Canada),Fabric,2 For 22,1.0,Regular Price,"","",$22.00,$0.00,$22.00,$1.21,lV4RxbrErkvc9jfyLnWPVZgeV,nb1vFDHzkHozhysSeot9uwMF,Stephanie Brandenburg,"",https://squareup.com/dashboard/sales/transactions/lV4RxbrErkvc9jfyLnWPVZgeV/by-unit/39APN171F274W,Payment,Trade Shows,"",VES10WZPZD2QN0M457ZHC98648,Barbara Cook,"",ea,1
09/07/19,15:22:32,Central Time (US & Canada),None,Custom Amount,15.0,"","","",$82.50,$0.00,$82.50,$0.00,JHyEi0IaDS67yMqgudN7DWqeV,Z5R6cO3ITVTBIrzFsxzLutMF,Stephanie Brandenburg,"",https://squareup.com/dashboard/sales/transactions/JHyEi0IaDS67yMqgudN7DWqeV/by-unit/39APN171F274W,Payment,Trade Shows,"",BP0EF179FH23YKFEEJB67TPGQ8,The Inic,"",ea,15
09/07/19,15:20:55,Central Time (US & Canada),None,Crown Jewels Kit,1.0,Regular,"","",$99.99,$0.00,$99.99,$5.50,19KKzyhaNqQZH6ODICTYRdjeV,bIYF8a5gGPZ6XNVfMl5CKQB,Stephanie Brandenburg,"",https://squareup.com/dashboard/sales/transactions/19KKzyhaNqQZH6ODICTYRdjeV/by-unit/39APN171F274W,Payment,Trade Shows,"","","","",ea,1
09/07/19,15:20:55,Central Time (US & Canada),Pattern,Crown Jewels Pattern,1.0,Regular,"","",$12.00,$0.00,$12.00,$0.66,19KKzyhaNqQZH6ODICTYRdjeV,bIYF8a5gGPZ6XNVfMl5CKQB,Stephanie Brandenburg,"",https://squareup.com/dashboard/sales/transactions/19KKzyhaNqQZH6ODICTYRdjeV/by-unit/39APN171F274W,Payment,Trade Shows,"","","","",ea,1
09/07/19,15:20:55,Central Time (US & Canada),Pattern,Rave Wave Pattern,1.0,Regular,"","",$12.00,$0.00,$12.00,$0.66,19KKzyhaNqQZH6ODICTYRdjeV,bIYF8a5gGPZ6XNVfMl5CKQB,Stephanie Brandenburg,"",https://squareup.com/dashboard/sales/transactions/19KKzyhaNqQZH6ODICTYRdjeV/by-unit/39APN171F274W,Payment,Trade Shows,"","","","",ea,1
09/07/19,15:20:55,Central Time (US & Canada),None,2 For 22 Serenity ,1.0,Regular,"","",$22.00,$0.00,$22.00,$1.21,19KKzyhaNqQZH6ODICTYRdjeV,bIYF8a5gGPZ6XNVfMl5CKQB,Stephanie Brandenburg,"",https://squareup.com/dashboard/sales/transactions/19KKzyhaNqQZH6ODICTYRdjeV/by-unit/39APN171F274W,Payment,Trade Shows,"","","","",ea,1
09/07/19,15:20:55,Central Time (US & Canada),None,1 Yd - 2 For 22 Serenity ,1.0,Regular,"","",$11.00,$0.00,$11.00,$0.60,19KKzyhaNqQZH6ODICTYRdjeV,bIYF8a5gGPZ6XNVfMl5CKQB,Stephanie Brandenburg,"",https://squareup.com/dashboard/sales/transactions/19KKzyhaNqQZH6ODICTYRdjeV/by-unit/39APN171F274W,Payment,Trade Shows,"","","","",ea,1
09/07/19,15:20:55,Central Time (US & Canada),Fabric,2 For 22,1.0,Regular Price,"","",$22.00,$0.00,$22.00,$1.21,19KKzyhaNqQZH6ODICTYRdjeV,bIYF8a5gGPZ6XNVfMl5CKQB,Stephanie Brandenburg,"",https://squareup.com/dashboard/sales/transactions/19KKzyhaNqQZH6ODICTYRdjeV/by-unit/39APN171F274W,Payment,Trade Shows,"","","","",ea,1
09/07/19,14:51:24,Central Time (US & Canada),None,Custom Amount,7.0,"","","",$175.00,$0.00,$175.00,$9.63,j6RuWJPg0lpQFgf2TtHhH1reV,9Y7FfsRVnYKeXg2rJ48ruwMF,Stephanie Brandenburg,"",https://squareup.com/dashboard/sales/transactions/j6RuWJPg0lpQFgf2TtHhH1reV/by-unit/39APN171F274W,Payment,Trade Shows,"",CT8F204EQ14P19R01GVTS358G4,Peggy School,"",ea,7
09/07/19,14:51:24,Central Time (US & Canada),None,Custom Amount,1.0,"","","",$21.00,$0.00,$21.00,$1.15,j6RuWJPg0lpQFgf2TtHhH1reV,9Y7FfsRVnYKeXg2rJ48ruwMF,Stephanie Brandenburg,"",https://squareup.com/dashboard/sales/transactions/j6RuWJPg0lpQFgf2TtHhH1reV/by-unit/39APN171F274W,Payment,Trade Shows,"",CT8F204EQ14P19R01GVTS358G4,Peggy School,"",ea,1
09/07/19,14:51:24,Central Time (US & Canada),None,Custom Amount,1.0,"","","",$49.95,$0.00,$49.95,$2.75,j6RuWJPg0lpQFgf2TtHhH1reV,9Y7FfsRVnYKeXg2rJ48ruwMF,Stephanie Brandenburg,"",https://squareup.com/dashboard/sales/transactions/j6RuWJPg0lpQFgf2TtHhH1reV/by-unit/39APN171F274W,Payment,Trade Shows,"",CT8F204EQ14P19R01GVTS358G4,Peggy School,"",ea,1
09/07/19,14:26:03,Central Time (US & Canada),Pattern,Crown Jewels Pattern,1.0,Regular,"","",$12.00,$0.00,$12.00,$0.66,ZBZlve3zPGOfIMToKlNNW3teV,9hyA2Py89MtoMSWiARzwJQB,Stephanie Brandenburg,"",https://squareup.com/dashboard/sales/transactions/ZBZlve3zPGOfIMToKlNNW3teV/by-unit/39APN171F274W,Payment,Trade Shows,"","","","",ea,1
09/07/19,14:21:28,Central Time (US & Canada),None,Custom Amount,1.0,"","","",$19.99,$0.00,$19.99,$1.10,n6K1zd1vhwAFcTXugSjTntneV,LfNna3X8P6Q4t3z4VHrDgxMF,Stephanie Brandenburg,"",https://squareup.com/dashboard/sales/transactions/n6K1zd1vhwAFcTXugSjTntneV/by-unit/39APN171F274W,Payment,Trade Shows,"",Y3M41C1XSX3PQ7T1DQMSSBT2MM,Jodi Bailey,"",ea,1
09/07/19,13:51:01,Central Time (US & Canada),Fabric,1 yd - 2 for 22,5.0,Regular,"","",$55.00,$0.00,$55.00,$3.02,1bTFeK0Pve24d0CBPwyqR1feV,ijzxFNRtYUO0tVaEmoqKdyMF,Stephanie Brandenburg,"",https://squareup.com/dashboard/sales/transactions/1bTFeK0Pve24d0CBPwyqR1feV/by-unit/39APN171F274W,Payment,Trade Shows,"",6A2rSDzw-uxky-_p,Tammy Kuse,"",ea,5
09/07/19,13:49:37,Central Time (US & Canada),None,Custom Amount,1.0,"","","",$49.95,$0.00,$49.95,$2.75,r0oerteyAntOJUnGYYjRtapeV,2n4u6kjBgJyYKmYT0CTvIuMF,Stephanie Brandenburg,"",https://squareup.com/dashboard/sales/transactions/r0oerteyAntOJUnGYYjRtapeV/by-unit/39APN171F274W,Payment,Trade Shows,"",RK1HZJ86JD59SBH5JAQBGM1WJ4,Lee Richert,"",ea,1
09/07/19,13:49:37,Central Time (US & Canada),None,Custom Amount,1.0,"","","",$9.99,$0.00,$9.99,$0.55,r0oerteyAntOJUnGYYjRtapeV,2n4u6kjBgJyYKmYT0CTvIuMF,Stephanie Brandenburg,"",https://squareup.com/dashboard/sales/transactions/r0oerteyAntOJUnGYYjRtapeV/by-unit/39APN171F274W,Payment,Trade Shows,"",RK1HZJ86JD59SBH5JAQBGM1WJ4,Lee Richert,"",ea,1
09/07/19,13:48:33,Central Time (US & Canada),None,1 Yd - 12.50,1.0,Regular,"","",$12.50,$0.00,$12.50,$0.69,bQa4eSz2SmTGvNIJ4MSQspheV,f0c9cWsiD7ZG2dcmV6u39yMF,Stephanie Brandenburg,"",https://squareup.com/dashboard/sales/transactions/bQa4eSz2SmTGvNIJ4MSQspheV/by-unit/39APN171F274W,Payment,Trade Shows,"",Y2JC8JHXXN4ZTPNTGEAH30B848,Linette Kleinschrod,"",ea,1
09/07/19,13:47:36,Central Time (US & Canada),None,1 Yd - 12.50,1.0,Regular,"","",$12.50,$0.00,$12.50,$0.69,1N8RsQOk9nYq9etRinI10DieV,jK3Z2KVUY88Ee6V7pZ5eLQB,Stephanie Brandenburg,"",https://squareup.com/dashboard/sales/transactions/1N8RsQOk9nYq9etRinI10DieV/by-unit/39APN171F274W,Payment,Trade Shows,"","","","",ea,1
09/07/19,13:32:33,Central Time (US & Canada),Kits,Summer Stroll Kit 71x82 5-1/4yds backing needed,1.0,Regular,"","",$119.99,$0.00,$119.99,$6.60,J9R05y189Bfs2Zmvm4AWHE6eV,njNpACPsxwBFiyDlUB9ZbyMF,Stephanie Brandenburg,"",https://squareup.com/dashboard/sales/transactions/J9R05y189Bfs2Zmvm4AWHE6eV/by-unit/39APN171F274W,Payment,Trade Shows,"",ATNRQ4T9512ZZFEJ8YABWY58EC,Marcia Walters,"",ea,1
09/07/19,13:32:33,Central Time (US & Canada),Fabric,1 yd - 2 for 22,3.0,Regular,"","",$33.00,$0.00,$33.00,$1.81,J9R05y189Bfs2Zmvm4AWHE6eV,njNpACPsxwBFiyDlUB9ZbyMF,Stephanie Brandenburg,"",https://squareup.com/dashboard/sales/transactions/J9R05y189Bfs2Zmvm4AWHE6eV/by-unit/39APN171F274W,Payment,Trade Shows,"",ATNRQ4T9512ZZFEJ8YABWY58EC,Marcia Walters,"",ea,3
09/07/19,13:19:54,Central Time (US & Canada),Fabric,2 For 22,1.0,Regular Price,"","",$22.00,$0.00,$22.00,$1.21,LsqRR9ngfXeAOpH1sF1i8QmeV,XmCMtWe50Ztq0d5BOa8aLQB,Stephanie Brandenburg,"",https://squareup.com/dashboard/sales/transactions/LsqRR9ngfXeAOpH1sF1i8QmeV/by-unit/39APN171F274W,Payment,Trade Shows,"","","","",ea,1
09/07/19,13:15:36,Central Time (US & Canada),Fabric,2 For 22,2.0,Regular Price,"","",$44.00,$0.00,$44.00,$2.42,n0r3tQWgOdbbtjeHwuEX0PieV,9N7rHVGGvehOjEtbxTHzksMF,Stephanie Brandenburg,"",https://squareup.com/dashboard/sales/transactions/n0r3tQWgOdbbtjeHwuEX0PieV/by-unit/39APN171F274W,Payment,Trade Shows,"",HFWJY2SESH21F46X3BHDV9431W,Janet Laske,"",ea,2
09/07/19,13:14:58,Central Time (US & Canada),Fabric,2 For 22,2.0,Regular Price,"","",$44.00,$0.00,$44.00,$2.42,BRl4pQykNxuiGyikAar0ZbqeV,C8n0S8KzdVEaCyUgThOF3zMF,Stephanie Brandenburg,"",https://squareup.com/dashboard/sales/transactions/BRl4pQykNxuiGyikAar0ZbqeV/by-unit/39APN171F274W,Payment,Trade Shows,"",09014RJXWX573E0AXFESPTEHGW,Patricia Polachek,"",ea,2
09/07/19,13:14:58,Central Time (US & Canada),Fabric,1 yd - 2 for 22,1.0,Regular,"","",$11.00,$0.00,$11.00,$0.60,BRl4pQykNxuiGyikAar0ZbqeV,C8n0S8KzdVEaCyUgThOF3zMF,Stephanie Brandenburg,"",https://squareup.com/dashboard/sales/transactions/BRl4pQykNxuiGyikAar0ZbqeV/by-unit/39APN171F274W,Payment,Trade Shows,"",09014RJXWX573E0AXFESPTEHGW,Patricia Polachek,"",ea,1
09/07/19,13:12:34,Central Time (US & Canada),None,Marley And Cherokee ,1.0,Regular,"","",$129.99,$0.00,$129.99,$7.15,Z1jPyZUCT5vWOhUgn0DZX3jeV,zPbPuj1TiB5W50xfG13L6wMF,Stephanie Brandenburg,"",https://squareup.com/dashboard/sales/transactions/Z1jPyZUCT5vWOhUgn0DZX3jeV/by-unit/39APN171F274W,Payment,Trade Shows,"",CW8PMADGJH509A6GSAMXDZJM38,Amelia Phillips,"",ea,1
09/07/19,13:12:34,Central Time (US & Canada),None,Custom Amount,1.0,"","","",$74.99,$0.00,$74.99,$4.12,Z1jPyZUCT5vWOhUgn0DZX3jeV,zPbPuj1TiB5W50xfG13L6wMF,Stephanie Brandenburg,"",https://squareup.com/dashboard/sales/transactions/Z1jPyZUCT5vWOhUgn0DZX3jeV/by-unit/39APN171F274W,Payment,Trade Shows,"",CW8PMADGJH509A6GSAMXDZJM38,Amelia Phillips,"",ea,1
09/07/19,13:10:04,Central Time (US & Canada),Fabric,2 For 22,1.0,Regular Price,"","",$22.00,$0.00,$22.00,$1.21,rESnXdQs3B7WhG78SQ3XmH9eV,TydMzGCo8lLljs8JRvcmRtMF,Stephanie Brandenburg,"",https://squareup.com/dashboard/sales/transactions/rESnXdQs3B7WhG78SQ3XmH9eV/by-unit/39APN171F274W,Payment,Trade Shows,"",YCDWVH9XN9173E9RRF55GJ0T3W,Linda Carmichael,"",ea,1
09/07/19,13:10:04,Central Time (US & Canada),Fabric,1 yd - 2 for 22,2.0,Regular,"","",$22.00,$0.00,$22.00,$1.21,rESnXdQs3B7WhG78SQ3XmH9eV,TydMzGCo8lLljs8JRvcmRtMF,Stephanie Brandenburg,"",https://squareup.com/dashboard/sales/transactions/rESnXdQs3B7WhG78SQ3XmH9eV/by-unit/39APN171F274W,Payment,Trade Shows,"",YCDWVH9XN9173E9RRF55GJ0T3W,Linda Carmichael,"",ea,2
09/07/19,13:08:57,Central Time (US & Canada),Fabric,2 For 22,1.0,Regular Price,"","",$22.00,$0.00,$22.00,$1.21,FPJBWTLvAosPBy3gKOI7uOqeV,UopY0DpzIw6cgbIMbcfrYtMF,Stephanie Brandenburg,"",https://squareup.com/dashboard/sales/transactions/FPJBWTLvAosPBy3gKOI7uOqeV/by-unit/39APN171F274W,Payment,Trade Shows,"",08W2BK0VVS2PNBCKVGHVDEHW40,Shelley Johnson,"",ea,1
09/07/19,13:07:59,Central Time (US & Canada),None,2 For 22 Serenity ,1.0,Regular,"","",$22.00,$0.00,$22.00,$1.21,VnLKgvwjloOYlAPZga8msO6eV,QPfZU2uGMHYIUkpsj9BSntMF,Stephanie Brandenburg,"",https://squareup.com/dashboard/sales/transactions/VnLKgvwjloOYlAPZga8msO6eV/by-unit/39APN171F274W,Payment,Trade Shows,"",PHX5DGJCE129F0PRRN1G4BNBAW,Kim Winterhof,"",ea,1
09/07/19,13:05:19,Central Time (US & Canada),Fabric,2 For 22,3.0,Regular Price,"","",$66.00,$0.00,$66.00,$3.63,x1tJH7ozFJQaxNT06paqZiheV,FzZhNorUUhN3U4KrZU75NwMF,Stephanie Brandenburg,"",https://squareup.com/dashboard/sales/transactions/x1tJH7ozFJQaxNT06paqZiheV/by-unit/39APN171F274W,Payment,Trade Shows,"",NJKYSE4P7D4M70B3E5CF1CQB98,Penny Becker,"",ea,3
09/07/19,12:54:04,Central Time (US & Canada),None,Custom Amount,1.0,"","","",$18.00,$0.00,$18.00,$0.99,fGYwtEDfQOluDA9nZLIcAvseV,ME6RTVxM9mzAQL2CtL2pqxMF,Stephanie Brandenburg,"",https://squareup.com/dashboard/sales/transactions/fGYwtEDfQOluDA9nZLIcAvseV/by-unit/39APN171F274W,Payment,Trade Shows,"",ZEFHCXGXT960K5ZY7TSWVQCEJG,Karen Shaw,"",ea,1
09/07/19,12:51:10,Central Time (US & Canada),Fabric,2 For 22,1.0,Regular Price,"","",$22.00,$0.00,$22.00,$1.21,n6OtKbN5aIhxANLgvl941qzeV,HRcmXaEzfxjsVRx5PojNrtMF,Stephanie Brandenburg,"",https://squareup.com/dashboard/sales/transactions/n6OtKbN5aIhxANLgvl941qzeV/by-unit/39APN171F274W,Payment,Trade Shows,"",HFWJY2SESH21F46X3BHDV9431W,Janet Laske,"",ea,1
09/07/19,12:49:57,Central Time (US & Canada),None,Custom Amount,1.0,"","","",$99.00,$0.00,$99.00,$5.44,t9Qmw8IxpdiGw9bUqJclE0heV,ALFfrKk2vIyV3kz9FsGdWwMF,Stephanie Brandenburg,"",https://squareup.com/dashboard/sales/transactions/t9Qmw8IxpdiGw9bUqJclE0heV/by-unit/39APN171F274W,Payment,Trade Shows,"",5S7VQ708F90714VNVV1ES5WGB0,Teresa Droessler,"",ea,1
09/07/19,12:48:45,Central Time (US & Canada),None,Custom Amount,1.0,"","","",$99.00,$0.00,$99.00,$5.44,55R1YNOiLG9zGLvY9iZQ3UzeV,AXOfuYj4w4OOnjphBnTzIuMF,Stephanie Brandenburg,"",https://squareup.com/dashboard/sales/transactions/55R1YNOiLG9zGLvY9iZQ3UzeV/by-unit/39APN171F274W,Payment,Trade Shows,"",V2376S4BZN2DF2AFRF9ZPD8SS4,Theresa Forbes,"",ea,1
09/07/19,12:38:09,Central Time (US & Canada),None,Custom Amount,1.0,"","","",$49.99,$0.00,$49.99,$2.75,pBhp8zA2w4bVrUQpQEjG6I0eV,J5f6gMiVotXppljjw4lQLQB,Stephanie Brandenburg,"",https://squareup.com/dashboard/sales/transactions/pBhp8zA2w4bVrUQpQEjG6I0eV/by-unit/39APN171F274W,Payment,Trade Shows,"","","","",ea,1
09/07/19,12:36:09,Central Time (US & Canada),Sample Spree,The Flower Tour,1.0,Regular,"","",$59.00,$0.00,$59.00,$3.24,fUbomyRpV7iMOuX8K9JvaDleV,ILJgOUPJczVJd4RZc8DDuwMF,Stephanie Brandenburg,"",https://squareup.com/dashboard/sales/transactions/fUbomyRpV7iMOuX8K9JvaDleV/by-unit/39APN171F274W,Payment,Trade Shows,"",S17R7P0CN924WH3PQSY6EQQY7R,Jane Petersen,"",ea,1
09/07/19,12:29:56,Central Time (US & Canada),Fabric,2 For 22,1.0,Regular Price,"","",$22.00,$0.00,$22.00,$1.21,ruXpiadv9z8M3aQWdEiEpwveV,phJLJsUqzZWizLfwLGvFKQB,Stephanie Brandenburg,"",https://squareup.com/dashboard/sales/transactions/ruXpiadv9z8M3aQWdEiEpwveV/by-unit/39APN171F274W,Payment,Trade Shows,"","","","",ea,1
09/07/19,12:24:42,Central Time (US & Canada),Kits,High Five #1 - Medusa (56x63 4.5 yds),1.0,Regular,HIGH-MEDU-K,"",$55.00,$0.00,$55.00,$3.85,mj77BUrO1224dZQuidr9TsMF,Lo9DeLz5LZnIq5uIExowEwMF,iPad,"",https://squareup.com/dashboard/sales/transactions/mj77BUrO1224dZQuidr9TsMF/by-unit/0WT1WCKZW65WD,Payment,Cedar Rapids,"",2KMWP5WN0S2HK88DMHJVFJTAAG,Leanne Wise,"",ea,1
09/07/19,12:24:42,Central Time (US & Canada),Bundles,Street Smarts Line Pack,1.0,Regular,LNPK-STSM,"",$45.99,$0.00,$45.99,$3.22,mj77BUrO1224dZQuidr9TsMF,Lo9DeLz5LZnIq5uIExowEwMF,iPad,"",https://squareup.com/dashboard/sales/transactions/mj77BUrO1224dZQuidr9TsMF/by-unit/0WT1WCKZW65WD,Payment,Cedar Rapids,"",2KMWP5WN0S2HK88DMHJVFJTAAG,Leanne Wise,"",ea,1
09/07/19,12:16:39,Central Time (US & Canada),Fabric,2 For 22,1.0,Regular Price,"","",$22.00,$0.00,$22.00,$1.21,D6x4PQWP1nx97taJF6pYEA6eV,1Ac47yHI6Kdbb4JyrRkkfsMF,Stephanie Brandenburg,"",https://squareup.com/dashboard/sales/transactions/D6x4PQWP1nx97taJF6pYEA6eV/by-unit/39APN171F274W,Payment,Trade Shows,"",N8XT27SKG12DD8F74BV91PDN7W,Brigitte Kochan,"",ea,1
09/07/19,12:03:44,Central Time (US & Canada),Fabric,1 yd - 2 for 22,7.0,Regular,"","",$77.00,$0.00,$77.00,$4.24,Vv95yy2OCffTlx4glgZCUCkeV,DDZduqzlk5Y7gzdvU9hQaxMF,Stephanie Brandenburg,"",https://squareup.com/dashboard/sales/transactions/Vv95yy2OCffTlx4glgZCUCkeV/by-unit/39APN171F274W,Payment,Trade Shows,"",B6TE2234SX6356JT8K7SH8945M,Sandra Rau,"",ea,7
09/07/19,11:58:31,Central Time (US & Canada),Fabric,1 yd - 2 for 22,1.0,Regular,"","",$11.00,$0.00,$11.00,$0.60,JbEsSp5RVwPmhThfpGEVBH5eV,VA7cvYAkhi97ozviLrs5CwMF,Stephanie Brandenburg,"",https://squareup.com/dashboard/sales/transactions/JbEsSp5RVwPmhThfpGEVBH5eV/by-unit/39APN171F274W,Payment,Trade Shows,"",485PDF8YKN71Z9HXTN58G7P67G,Luann Laliberty,"",ea,1
09/07/19,11:58:31,Central Time (US & Canada),Sample Spree,The Flower Tour,1.0,Regular,"","",$59.00,$0.00,$59.00,$3.25,JbEsSp5RVwPmhThfpGEVBH5eV,VA7cvYAkhi97ozviLrs5CwMF,Stephanie Brandenburg,"",https://squareup.com/dashboard/sales/transactions/JbEsSp5RVwPmhThfpGEVBH5eV/by-unit/39APN171F274W,Payment,Trade Shows,"",485PDF8YKN71Z9HXTN58G7P67G,Luann Laliberty,"",ea,1
09/07/19,11:54:46,Central Time (US & Canada),Fabric,2 For 22,1.0,Regular Price,"","",$22.00,$0.00,$22.00,$1.21,Jd9Ug1ROn91f5lXyLuKIwv9eV,vZDfDgxfkKkFJIkRPynXiwMF,Stephanie Brandenburg,"",https://squareup.com/dashboard/sales/transactions/Jd9Ug1ROn91f5lXyLuKIwv9eV/by-unit/39APN171F274W,Payment,Trade Shows,"",KY06YDMAA56W19E395FN73F4D8,Mary Sheldon,"",ea,1
09/07/19,11:32:57,Central Time (US & Canada),Fabric,2 For 22,2.0,Regular Price,"","",$44.00,$0.00,$44.00,$2.42,97VV16FDOF7XYYMVN9cGb36eV,tWoEQ6ZiPQaSKEtUk4PsuzMF,Stephanie Brandenburg,"",https://squareup.com/dashboard/sales/transactions/97VV16FDOF7XYYMVN9cGb36eV/by-unit/39APN171F274W,Payment,Trade Shows,"",E2CFGEWF293TQ5G6E8Y29HHVNG,David James,"",ea,2
09/07/19,11:32:57,Central Time (US & Canada),Fabric,1 yd - 2 for 22,1.0,Regular,"","",$11.00,$0.00,$11.00,$0.61,97VV16FDOF7XYYMVN9cGb36eV,tWoEQ6ZiPQaSKEtUk4PsuzMF,Stephanie Brandenburg,"",https://squareup.com/dashboard/sales/transactions/97VV16FDOF7XYYMVN9cGb36eV/by-unit/39APN171F274W,Payment,Trade Shows,"",E2CFGEWF293TQ5G6E8Y29HHVNG,David James,"",ea,1
09/07/19,11:32:57,Central Time (US & Canada),Fabric,2 For 22,1.0,Regular Price,"","",$22.00,$0.00,$22.00,$1.21,97VV16FDOF7XYYMVN9cGb36eV,tWoEQ6ZiPQaSKEtUk4PsuzMF,Stephanie Brandenburg,"",https://squareup.com/dashboard/sales/transactions/97VV16FDOF7XYYMVN9cGb36eV/by-unit/39APN171F274W,Payment,Trade Shows,"",E2CFGEWF293TQ5G6E8Y29HHVNG,David James,"",ea,1
09/07/19,11:32:57,Central Time (US & Canada),None,Custom Amount,1.0,"","","",$49.00,$0.00,$49.00,$2.69,97VV16FDOF7XYYMVN9cGb36eV,tWoEQ6ZiPQaSKEtUk4PsuzMF,Stephanie Brandenburg,"",https://squareup.com/dashboard/sales/transactions/97VV16FDOF7XYYMVN9cGb36eV/by-unit/39APN171F274W,Payment,Trade Shows,"",E2CFGEWF293TQ5G6E8Y29HHVNG,David James,"",ea,1
09/07/19,11:32:57,Central Time (US & Canada),None,Custom Amount,1.0,"","","",$99.00,$0.00,$99.00,$5.45,97VV16FDOF7XYYMVN9cGb36eV,tWoEQ6ZiPQaSKEtUk4PsuzMF,Stephanie Brandenburg,"",https://squareup.com/dashboard/sales/transactions/97VV16FDOF7XYYMVN9cGb36eV/by-unit/39APN171F274W,Payment,Trade Shows,"",E2CFGEWF293TQ5G6E8Y29HHVNG,David James,"",ea,1
09/07/19,11:32:57,Central Time (US & Canada),None,Custom Amount,1.0,"","","",$100.00,$0.00,$100.00,$5.50,97VV16FDOF7XYYMVN9cGb36eV,tWoEQ6ZiPQaSKEtUk4PsuzMF,Stephanie Brandenburg,"",https://squareup.com/dashboard/sales/transactions/97VV16FDOF7XYYMVN9cGb36eV/by-unit/39APN171F274W,Payment,Trade Shows,"",E2CFGEWF293TQ5G6E8Y29HHVNG,David James,"",ea,1
09/07/19,11:32:57,Central Time (US & Canada),None,Custom Amount,1.0,"","","",$18.40,$0.00,$18.40,$1.01,97VV16FDOF7XYYMVN9cGb36eV,tWoEQ6ZiPQaSKEtUk4PsuzMF,Stephanie Brandenburg,"",https://squareup.com/dashboard/sales/transactions/97VV16FDOF7XYYMVN9cGb36eV/by-unit/39APN171F274W,Payment,Trade Shows,"",E2CFGEWF293TQ5G6E8Y29HHVNG,David James,"",ea,1
09/07/19,11:29:14,Central Time (US & Canada),Fabric,2 For 22,1.0,Regular Price,"","",$22.00,$0.00,$22.00,$1.21,xHOXkNuPL2zkA4pdgL1JHkkeV,1vx1lKThYJ668ltL0bBQLQB,Stephanie Brandenburg,"",https://squareup.com/dashboard/sales/transactions/xHOXkNuPL2zkA4pdgL1JHkkeV/by-unit/39APN171F274W,Payment,Trade Shows,"","","","",ea,1
09/07/19,11:23:42,Central Time (US & Canada),Fabric,2 For 22,1.0,Regular Price,"","",$22.00,$0.00,$22.00,$1.21,hlB7q9L4rYzNlg9Le2orIY3eV,TAeD5Kc79G0yIZtOFsbNPvMF,Stephanie Brandenburg,"",https://squareup.com/dashboard/sales/transactions/hlB7q9L4rYzNlg9Le2orIY3eV/by-unit/39APN171F274W,Payment,Trade Shows,"",06WR7P4ZMS7F6ZV1A83SH8FDC4,Bonnie Breunig,"",ea,1
09/07/19,11:23:42,Central Time (US & Canada),None,Custom Amount,1.0,"","","",$25.00,$0.00,$25.00,$1.38,hlB7q9L4rYzNlg9Le2orIY3eV,TAeD5Kc79G0yIZtOFsbNPvMF,Stephanie Brandenburg,"",https://squareup.com/dashboard/sales/transactions/hlB7q9L4rYzNlg9Le2orIY3eV/by-unit/39APN171F274W,Payment,Trade Shows,"",06WR7P4ZMS7F6ZV1A83SH8FDC4,Bonnie Breunig,"",ea,1
09/07/19,11:23:42,Central Time (US & Canada),None,Custom Amount,1.0,"","","",$10.00,$0.00,$10.00,$0.55,hlB7q9L4rYzNlg9Le2orIY3eV,TAeD5Kc79G0yIZtOFsbNPvMF,Stephanie Brandenburg,"",https://squareup.com/dashboard/sales/transactions/hlB7q9L4rYzNlg9Le2orIY3eV/by-unit/39APN171F274W,Payment,Trade Shows,"",06WR7P4ZMS7F6ZV1A83SH8FDC4,Bonnie Breunig,"",ea,1
09/07/19,11:16:41,Central Time (US & Canada),Fabric,2 For 22,1.0,Regular Price,"","",$22.00,$0.00,$22.00,$1.21,fWsMCjARNJp2SkjMmzzkhNneV,"XmdiuFFeslpNs1dgwTjXZsMF, 9Ji6Cw3sl8u3XSeKOCESLQB",Stephanie Brandenburg,"",https://squareup.com/dashboard/sales/transactions/fWsMCjARNJp2SkjMmzzkhNneV/by-unit/39APN171F274W,Payment,Trade Shows,"","ZK2SQ09GMH5MZA2PHYGV6XZ7F8, ","Carol Voelker, ",", ",ea,1
09/07/19,11:16:41,Central Time (US & Canada),None,1 Yd - 12.50 Serenity ,1.0,Regular,"","",$12.50,$0.00,$12.50,$0.69,fWsMCjARNJp2SkjMmzzkhNneV,"XmdiuFFeslpNs1dgwTjXZsMF, 9Ji6Cw3sl8u3XSeKOCESLQB",Stephanie Brandenburg,"",https://squareup.com/dashboard/sales/transactions/fWsMCjARNJp2SkjMmzzkhNneV/by-unit/39APN171F274W,Payment,Trade Shows,"","ZK2SQ09GMH5MZA2PHYGV6XZ7F8, ","Carol Voelker, ",", ",ea,1
09/07/19,11:16:41,Central Time (US & Canada),Fabric,1 yd - 2 for 22,1.0,Regular,"","",$11.00,$0.00,$11.00,$0.60,fWsMCjARNJp2SkjMmzzkhNneV,"XmdiuFFeslpNs1dgwTjXZsMF, 9Ji6Cw3sl8u3XSeKOCESLQB",Stephanie Brandenburg,"",https://squareup.com/dashboard/sales/transactions/fWsMCjARNJp2SkjMmzzkhNneV/by-unit/39APN171F274W,Payment,Trade Shows,"","ZK2SQ09GMH5MZA2PHYGV6XZ7F8, ","Carol Voelker, ",", ",ea,1
09/07/19,11:16:41,Central Time (US & Canada),None,Custom Amount,1.0,"","","",$29.00,$0.00,$29.00,$1.60,fWsMCjARNJp2SkjMmzzkhNneV,"XmdiuFFeslpNs1dgwTjXZsMF, 9Ji6Cw3sl8u3XSeKOCESLQB",Stephanie Brandenburg,"",https://squareup.com/dashboard/sales/transactions/fWsMCjARNJp2SkjMmzzkhNneV/by-unit/39APN171F274W,Payment,Trade Shows,"","ZK2SQ09GMH5MZA2PHYGV6XZ7F8, ","Carol Voelker, ",", ",ea,1
09/07/19,11:08:37,Central Time (US & Canada),Fabric,2 For 22,1.0,Regular Price,"","",$22.00,$0.00,$22.00,$1.21,Ds2yFKUuRC0Po2dJw1Ub2T2eV,b69P4zdk5nHxPiHNjJjLKQB,Stephanie Brandenburg,"",https://squareup.com/dashboard/sales/transactions/Ds2yFKUuRC0Po2dJw1Ub2T2eV/by-unit/39APN171F274W,Payment,Trade Shows,"","","","",ea,1
09/07/19,11:08:37,Central Time (US & Canada),None,Custom Amount,1.0,"","","",$9.00,$0.00,$9.00,$0.49,Ds2yFKUuRC0Po2dJw1Ub2T2eV,b69P4zdk5nHxPiHNjJjLKQB,Stephanie Brandenburg,"",https://squareup.com/dashboard/sales/transactions/Ds2yFKUuRC0Po2dJw1Ub2T2eV/by-unit/39APN171F274W,Payment,Trade Shows,"","","","",ea,1
09/07/19,11:07:28,Central Time (US & Canada),Fabric,2 For 22,-3.0,Regular Price,"","",$-66.00,$0.00,$-66.00,$-3.63,H2yIIDfrM7fl1py9wCLN0a8eV,Lp2RkIp1Eob8Eiwq76Te2uMF,Stephanie Brandenburg,Accidental Charge,https://squareup.com/dashboard/sales/transactions/H2yIIDfrM7fl1py9wCLN0a8eV/by-unit/39APN171F274W,Refund,Trade Shows,"","","","",ea,-3
09/07/19,11:06:41,Central Time (US & Canada),Fabric,2 For 22,1.0,Regular Price,"","",$22.00,$0.00,$22.00,$1.21,hPsSIpNRmluWYOsCu8JSxvfeV,yAlzzYg43bsYtxwiEtwwzsMF,Stephanie Brandenburg,"",https://squareup.com/dashboard/sales/transactions/hPsSIpNRmluWYOsCu8JSxvfeV/by-unit/39APN171F274W,Payment,Trade Shows,"",2VC53R7Z1955Q6DV46WGD93QER,Candace Saul,"",ea,1
09/07/19,11:05:38,Central Time (US & Canada),Fabric,2 For 22,3.0,Regular Price,"","",$66.00,$0.00,$66.00,$3.63,HyuTUGPxJifqxrAfo27tZIweV,Lp2RkIp1Eob8Eiwq76Te2uMF,Stephanie Brandenburg,"",https://squareup.com/dashboard/sales/transactions/HyuTUGPxJifqxrAfo27tZIweV/by-unit/39APN171F274W,Payment,Trade Shows,"",DYVPQ76CKD2G98SKZQS79WKVKM,Kathy Benz,"",ea,3
09/07/19,11:05:38,Central Time (US & Canada),Fabric,Painting Dandelion Fabric Yardage,1.0,Regular,"",1 yd,$19.90,$0.00,$19.90,$1.09,HyuTUGPxJifqxrAfo27tZIweV,Lp2RkIp1Eob8Eiwq76Te2uMF,Stephanie Brandenburg,"",https://squareup.com/dashboard/sales/transactions/HyuTUGPxJifqxrAfo27tZIweV/by-unit/39APN171F274W,Payment,Trade Shows,"",DYVPQ76CKD2G98SKZQS79WKVKM,Kathy Benz,"",ea,1
09/07/19,11:01:35,Central Time (US & Canada),Fabric,2 For 22,3.0,Regular Price,"","",$66.00,$0.00,$66.00,$3.63,FN8d5IpGGtStCVTzKEeSsaheV,EtC0kGIzBjARbIzJCyQpfwMF,Stephanie Brandenburg,"",https://squareup.com/dashboard/sales/transactions/FN8d5IpGGtStCVTzKEeSsaheV/by-unit/39APN171F274W,Payment,Trade Shows,"",H94Z5GPM413D54KPW2ZFRDWXGW,Lisa Bulowicz,"",ea,3
09/07/19,11:00:45,Central Time (US & Canada),None,1 Yd - 2 For 22 Serenity ,1.0,Regular,"","",$11.00,$0.00,$11.00,$0.61,js2SxLx85uaJM3YOAROEXi4eV,mUQjiB6LU40VfWgWE5oZWwMF,Stephanie Brandenburg,"",https://squareup.com/dashboard/sales/transactions/js2SxLx85uaJM3YOAROEXi4eV/by-unit/39APN171F274W,Payment,Trade Shows,"",6J84KPAZM557XBCXPXRJXCQR6C,Ana Guzman,"",ea,1
09/07/19,11:00:45,Central Time (US & Canada),None,Custom Amount,1.0,"","","",$9.50,$0.00,$9.50,$0.52,js2SxLx85uaJM3YOAROEXi4eV,mUQjiB6LU40VfWgWE5oZWwMF,Stephanie Brandenburg,"",https://squareup.com/dashboard/sales/transactions/js2SxLx85uaJM3YOAROEXi4eV/by-unit/39APN171F274W,Payment,Trade Shows,"",6J84KPAZM557XBCXPXRJXCQR6C,Ana Guzman,"",ea,1
09/07/19,10:57:32,Central Time (US & Canada),Fabric,1 yd - 2 for 22,1.0,Regular,"","",$11.00,$0.00,$11.00,$0.61,78ytmQqahDebnieTRhKfUSfeV,RniThs2z3Q9F7Rb1KZl5JQB,Stephanie Brandenburg,"",https://squareup.com/dashboard/sales/transactions/78ytmQqahDebnieTRhKfUSfeV/by-unit/39APN171F274W,Payment,Trade Shows,"","","","",ea,1
09/07/19,10:57:32,Central Time (US & Canada),Fabric,2 For 22,1.0,Regular Price,"","",$22.00,$0.00,$22.00,$1.21,78ytmQqahDebnieTRhKfUSfeV,RniThs2z3Q9F7Rb1KZl5JQB,Stephanie Brandenburg,"",https://squareup.com/dashboard/sales/transactions/78ytmQqahDebnieTRhKfUSfeV/by-unit/39APN171F274W,Payment,Trade Shows,"","","","",ea,1
09/07/19,10:52:42,Central Time (US & Canada),Fabric,2 For 22,2.0,Regular Price,"","",$44.00,$0.00,$44.00,$2.42,lZk4YS91nkox2FWjjtRgkXzeV,AlFGqxZhsM0VELz4vcLbvyMF,Stephanie Brandenburg,"",https://squareup.com/dashboard/sales/transactions/lZk4YS91nkox2FWjjtRgkXzeV/by-unit/39APN171F274W,Payment,Trade Shows,"",BAM277E6794NNB2T3CEGHXBBRG,Kelly Holcomb,"",ea,2
09/07/19,10:50:52,Central Time (US & Canada),Fabric,2 For 22,1.0,Regular Price,"","",$22.00,$0.00,$22.00,$1.21,HE9Q1wlSC0a2uNGlCnKMNl7eV,36KJkjYuYMzdZNSM2c8TLQB,Stephanie Brandenburg,"",https://squareup.com/dashboard/sales/transactions/HE9Q1wlSC0a2uNGlCnKMNl7eV/by-unit/39APN171F274W,Payment,Trade Shows,"","","","",ea,1
09/07/19,10:48:07,Central Time (US & Canada),None,Juxtaposition-Pattern,1.0,Regular,"","",$12.00,$0.00,$12.00,$0.66,9nVGPCAVdFlzAhp2Wgt8kY5eV,fivNdy4IABPTMOb6Syx4rsMF,Stephanie Brandenburg,"",https://squareup.com/dashboard/sales/transactions/9nVGPCAVdFlzAhp2Wgt8kY5eV/by-unit/39APN171F274W,Payment,Trade Shows,"",4460FMZ22N2T5B4DFGNS0JEZCW,Ashley Myers,"",ea,1
09/07/19,10:47:13,Central Time (US & Canada),None,Marley And Cherokee ,1.0,Regular,"","",$129.99,$0.00,$129.99,$7.15,tjjaMLLXohoazFn5o9PDkaxeV,wUZ5EarwDIqIJE9gReQz3wMF,Stephanie Brandenburg,"",https://squareup.com/dashboard/sales/transactions/tjjaMLLXohoazFn5o9PDkaxeV/by-unit/39APN171F274W,Payment,Trade Shows,"",23VTCP12ED6D11ATNTXHT4KBZM,Roxanne Gohrig,"",ea,1
09/07/19,10:46:06,Central Time (US & Canada),None,Custom Amount,1.0,"","","",$12.00,$0.00,$12.00,$0.66,dtC5a5lw6gSj2Kem8M3s885eV,3gZgBMKQzrNRnHuPma6IpyMF,Stephanie Brandenburg,"",https://squareup.com/dashboard/sales/transactions/dtC5a5lw6gSj2Kem8M3s885eV/by-unit/39APN171F274W,Payment,Trade Shows,"",5EAJQAYFPN7VS047SQMGAHBY1G,Patricia Cronce,"",ea,1
09/07/19,10:45:01,Central Time (US & Canada),None,Juxtaposition-blenders,1.0,Regular,"","",$19.99,$0.00,$19.99,$1.10,N9C7SjftCMn6xPVA07nqCaseV,Ml04PDYDbyBf4tTNXtjhWwMF,Stephanie Brandenburg,"",https://squareup.com/dashboard/sales/transactions/N9C7SjftCMn6xPVA07nqCaseV/by-unit/39APN171F274W,Payment,Trade Shows,"",7KK595MKJ52TS40SHK04NVRHPM,Ana Quirmbach,"",ea,1
09/07/19,10:45:01,Central Time (US & Canada),None,Custom Amount,1.0,"","","",$29.00,$0.00,$29.00,$1.59,N9C7SjftCMn6xPVA07nqCaseV,Ml04PDYDbyBf4tTNXtjhWwMF,Stephanie Brandenburg,"",https://squareup.com/dashboard/sales/transactions/N9C7SjftCMn6xPVA07nqCaseV/by-unit/39APN171F274W,Payment,Trade Shows,"",7KK595MKJ52TS40SHK04NVRHPM,Ana Quirmbach,"",ea,1
09/07/19,10:37:39,Central Time (US & Canada),Fabric,2 For 22,1.0,Regular Price,"","",$22.00,$0.00,$22.00,$1.21,rGbFWO039idIwOieUuvLRPreV,TZiC3S8XNCAgQ7pHxQ2tSzMF,Stephanie Brandenburg,"",https://squareup.com/dashboard/sales/transactions/rGbFWO039idIwOieUuvLRPreV/by-unit/39APN171F274W,Payment,Trade Shows,"",T3KXKYXMXX36306AD5F6JMK8P8,Elizabeth Lane,"",ea,1
09/07/19,10:33:42,Central Time (US & Canada),Pattern,Ring Around the Rosie Pattern,1.0,Regular,"","",$12.00,$0.00,$12.00,$0.66,P8NnNrMQGP7vbcxr40hDh4zeV,59TFyMRwX071vsWPCCENLQB,Stephanie Brandenburg,"",https://squareup.com/dashboard/sales/transactions/P8NnNrMQGP7vbcxr40hDh4zeV/by-unit/39APN171F274W,Payment,Trade Shows,"",J8DMV61B1N58VAYN07M7ZJJVRC,miller.marilynj@gmail.com,"",ea,1
09/07/19,10:31:48,Central Time (US & Canada),Fabric,2 For 22,1.0,Regular Price,"","",$22.00,$0.00,$22.00,$1.21,V71OcCzsmJBSlS63ZlhE16heV,Uo2qLQXpd5hKXWEjaGws3zMF,Stephanie Brandenburg,"",https://squareup.com/dashboard/sales/transactions/V71OcCzsmJBSlS63ZlhE16heV/by-unit/39APN171F274W,Payment,Trade Shows,"",J9KZTMCPP56XXBX9710NKB7BCR,Marilyn White,"",ea,1
09/07/19,10:29:30,Central Time (US & Canada),None,1 Yd - 2 For 22 Serenity ,1.0,Regular,"","",$11.00,$0.00,$11.00,$0.60,1h2XZpv9hvPQtW6Bz2hksgneV,FDHFLTenP5q1AD5rFB00JQB,Stephanie Brandenburg,"",https://squareup.com/dashboard/sales/transactions/1h2XZpv9hvPQtW6Bz2hksgneV/by-unit/39APN171F274W,Payment,Trade Shows,"","","","",ea,1
09/07/19,10:29:30,Central Time (US & Canada),Fabric,1 yd - 2 for 22,3.0,Regular,"","",$33.00,$0.00,$33.00,$1.82,1h2XZpv9hvPQtW6Bz2hksgneV,FDHFLTenP5q1AD5rFB00JQB,Stephanie Brandenburg,"",https://squareup.com/dashboard/sales/transactions/1h2XZpv9hvPQtW6Bz2hksgneV/by-unit/39APN171F274W,Payment,Trade Shows,"","","","",ea,3
09/07/19,10:27:14,Central Time (US & Canada),Fabric,2 For 22,2.0,Regular Price,"","",$44.00,$0.00,$44.00,$2.42,pfGkKCkgSEnLNfbR7LZxAw9eV,Xu2IzAYGGNbjY8azwWEdLQB,Stephanie Brandenburg,"",https://squareup.com/dashboard/sales/transactions/pfGkKCkgSEnLNfbR7LZxAw9eV/by-unit/39APN171F274W,Payment,Trade Shows,"","","","",ea,2
09/07/19,10:24:42,Central Time (US & Canada),Fabric,2 For 22,2.0,Regular Price,"","",$44.00,$0.00,$44.00,$2.42,NP7fCc1T60TneHhyenRZhW5eV,Ww0z94lzqvYB2nkq07Tf1wMF,Stephanie Brandenburg,"",https://squareup.com/dashboard/sales/transactions/NP7fCc1T60TneHhyenRZhW5eV/by-unit/39APN171F274W,Payment,Trade Shows,"",03CMXM2P3D3YPV41AF3BQBMFB4,Peggy Anastasi,"",ea,2
09/07/19,10:19:10,Central Time (US & Canada),Fabric,1 yd - 2 for 22,4.0,Regular,"","",$44.00,$0.00,$44.00,$2.42,jyzBCXhzL4JpLe0aDAyGRg8eV,3L1xC11FgKJyL8vVDn0PawMF,Stephanie Brandenburg,"",https://squareup.com/dashboard/sales/transactions/jyzBCXhzL4JpLe0aDAyGRg8eV/by-unit/39APN171F274W,Payment,Trade Shows,"",R8DPDMBH9X11NAJFF8E9MMMA60,Susan Kahre-stradford,"",ea,4
09/07/19,10:16:59,Central Time (US & Canada),Fabric,2 For 22,1.0,Regular Price,"","",$22.00,$0.00,$22.00,$1.21,3sHBPR5G1dlyzosq3yWWe4teV,9v1mmICCDKEAlLuuxGHKYxMF,Stephanie Brandenburg,"",https://squareup.com/dashboard/sales/transactions/3sHBPR5G1dlyzosq3yWWe4teV/by-unit/39APN171F274W,Payment,Trade Shows,"",7KS3DXWE417FD5HTCDJ1MF4274,Jennifer Luger,"",ea,1
09/07/19,10:14:59,Central Time (US & Canada),None,1 Yd - 12.50,1.0,Regular,"","",$12.50,$0.00,$12.50,$0.69,xpR0c405TLY2PW8zAjau1ijeV,dV1FK5ezf3vuXwok6hbDGvMF,Stephanie Brandenburg,"",https://squareup.com/dashboard/sales/transactions/xpR0c405TLY2PW8zAjau1ijeV/by-unit/39APN171F274W,Payment,Trade Shows,"",4TP1YR7M4X5JS6H7MAZQWD3E8G,Christine Berndt-miles,"",ea,1
09/07/19,10:12:03,Central Time (US & Canada),None,Custom Amount,1.0,"","","",$39.00,$0.00,$39.00,$2.14,7QqGTQ9eEwbhJBto80WwUN8eV,ZqDwvD7WwC3kb06rOFqYLuMF,Stephanie Brandenburg,"",https://squareup.com/dashboard/sales/transactions/7QqGTQ9eEwbhJBto80WwUN8eV/by-unit/39APN171F274W,Payment,Trade Shows,"",S4PX9XPX1D6196EMG5J00V7GSG,Martha Serati,"",ea,1
09/07/19,10:12:03,Central Time (US & Canada),None,Custom Amount,1.0,"","","",$25.00,$0.00,$25.00,$1.38,7QqGTQ9eEwbhJBto80WwUN8eV,ZqDwvD7WwC3kb06rOFqYLuMF,Stephanie Brandenburg,"",https://squareup.com/dashboard/sales/transactions/7QqGTQ9eEwbhJBto80WwUN8eV/by-unit/39APN171F274W,Payment,Trade Shows,"",S4PX9XPX1D6196EMG5J00V7GSG,Martha Serati,"",ea,1
09/07/19,10:02:54,Central Time (US & Canada),Fabric,2 For 22,2.0,Regular Price,"","",$44.00,$0.00,$44.00,$2.42,djFxgNaaNy2Z6GXAy2c2FoveV,wFr4in953el4J89Ksng5QzMF,Stephanie Brandenburg,"",https://squareup.com/dashboard/sales/transactions/djFxgNaaNy2Z6GXAy2c2FoveV/by-unit/39APN171F274W,Payment,Trade Shows,"",NWD2K1G2RH5D9C012PDJR5F9HW,Mary Reed,"",ea,2
09/07/19,09:56:04,Central Time (US & Canada),None,Custom Amount,1.0,"","","",$129.00,$0.00,$129.00,$7.10,5p970ClvCgU2pVf5Qkas8U5eV,x5yqZf04K3u7jY31kzR8lwMF,Stephanie Brandenburg,Ker bloom,https://squareup.com/dashboard/sales/transactions/5p970ClvCgU2pVf5Qkas8U5eV/by-unit/39APN171F274W,Payment,Trade Shows,"",S17R7P0CN924WH3PQSY6EQQY7R,Jane Petersen,"",ea,1
09/07/19,09:50:54,Central Time (US & Canada),None,Custom Amount,1.0,"","","",$10.00,$0.00,$10.00,$0.55,RJRQ4qVlYhvMcYNPx50SbNseV,r6DQi76YsYJTafC5QhChKQB,Stephanie Brandenburg,"",https://squareup.com/dashboard/sales/transactions/RJRQ4qVlYhvMcYNPx50SbNseV/by-unit/39APN171F274W,Payment,Trade Shows,"","","","",ea,1
09/07/19,09:48:26,Central Time (US & Canada),Fabric,2 For 22,3.0,Regular Price,"","",$66.00,$0.00,$66.00,$3.63,fWwmCrB8CvYBao5gE5BcOlieV,gJzeex41Eg6W6WD8xwnl0sMF,Stephanie Brandenburg,"",https://squareup.com/dashboard/sales/transactions/fWwmCrB8CvYBao5gE5BcOlieV/by-unit/39APN171F274W,Payment,Trade Shows,"",9VWQXHQEH12CS4NAQ1KKT4EJ1C,Robin Hessefort,"",ea,3
09/07/19,09:48:26,Central Time (US & Canada),Pattern,Summer Stroll Pattern,1.0,Regular,"","",$12.00,$0.00,$12.00,$0.66,fWwmCrB8CvYBao5gE5BcOlieV,gJzeex41Eg6W6WD8xwnl0sMF,Stephanie Brandenburg,"Robin hessefort 6828 Koop road Waunakee Wisconsin 53597-9224
6088498937 phone
Send pattern",https://squareup.com/dashboard/sales/transactions/fWwmCrB8CvYBao5gE5BcOlieV/by-unit/39APN171F274W,Payment,Trade Shows,"",9VWQXHQEH12CS4NAQ1KKT4EJ1C,Robin Hessefort,"",ea,1
09/07/19,09:09:02,Central Time (US & Canada),None,Custom Amount,4.0,"","","",$22.00,$0.00,$22.00,$0.00,vmuRHK9k1qAoX7viz2IyRk7eV,pr3zJ0hWvvTyKxEGFSHb4zMF,Stephanie Brandenburg,"",https://squareup.com/dashboard/sales/transactions/vmuRHK9k1qAoX7viz2IyRk7eV/by-unit/39APN171F274W,Payment,Trade Shows,"",5AP9BBZZYX6M8RD1KD53M8C860,Laura Murray,"",ea,4
