Date,Time,Time Zone,Category,Item,Qty,Price Point Name,SKU,Modifiers Applied,Gross Sales,Discounts,Net Sales,Tax,Transaction ID,Payment ID,Device Name,Notes,Details,Event Type,Location,Dining Option,Customer ID,Customer Name,Customer Reference ID,Unit,Count
12/12/19,14:40:40,Central Time (US & Canada),None,Custom Amount,1.0,"","","",$42.00,$0.00,$42.00,$0.00,RNFnVzCPh1YygtX5cAogqoweV,kfslaS91QlR5YWaaPWdZNuMF,"",Order #3222 from Frond Design Studios,https://squareup.com/dashboard/sales/transactions/RNFnVzCPh1YygtX5cAogqoweV/by-unit/42TJQ2B36EQBG,Payment,Web,"",Z61YSZD1TN3W1243SDD7DRWXS8,"","",ea,1
12/06/19,13:59:44,Central Time (US & Canada),None,Custom Amount,1.0,"","","",$18.50,$0.00,$18.50,$0.00,nyk2c97SgMpbPc6LMPvve2keV,jdZR8gK4ZiVVmRUFOtEYEvMF,"",Order #3218 from Frond Design Studios,https://squareup.com/dashboard/sales/transactions/nyk2c97SgMpbPc6LMPvve2keV/by-unit/42TJQ2B36EQBG,Payment,Web,"","","","",ea,1
12/04/19,02:36:51,Central Time (US & Canada),None,Custom Amount,1.0,"","","",$139.99,$0.00,$139.99,$0.00,joe7leAc7pFlB3ilmN7k67ueV,yCNZ21u21SUVF5HWfrR3KwMF,"",Order #3216 from Frond Design Studios,https://squareup.com/dashboard/sales/transactions/joe7leAc7pFlB3ilmN7k67ueV/by-unit/42TJQ2B36EQBG,Payment,Web,"","","","",ea,1
12/03/19,22:52:43,Central Time (US & Canada),None,Custom Amount,1.0,"","","",$75.00,$0.00,$75.00,$0.00,ZNxYWBSwzzsRHU7I8aFPfQkeV,6f1woRr8pohjD9C8z6I1xuMF,"",Order #3214 from Frond Design Studios,https://squareup.com/dashboard/sales/transactions/ZNxYWBSwzzsRHU7I8aFPfQkeV/by-unit/42TJQ2B36EQBG,Payment,Web,"",PMD2D6NHGD7VK73F16AWHKF6WW,"","",ea,1
12/03/19,16:19:52,Central Time (US & Canada),None,Custom Amount,1.0,"","","",$24.00,$0.00,$24.00,$0.00,7EQCq4MMnRZT5n8zOlMvyX4eV,TBEHbB5Rmpgiu3gxF2e1vxMF,"",Order #3210 from Frond Design Studios,https://squareup.com/dashboard/sales/transactions/7EQCq4MMnRZT5n8zOlMvyX4eV/by-unit/42TJQ2B36EQBG,Payment,Web,"","","","",ea,1
12/02/19,17:07:15,Central Time (US & Canada),None,Custom Amount,1.0,"","","",$583.55,$0.00,$583.55,$0.00,JlfxBosuAt66Z8cQVV2c4xreV,L3i11ZwOqOcWbcGVx3gcmuMF,"",Order #3208 from Frond Design Studios,https://squareup.com/dashboard/sales/transactions/JlfxBosuAt66Z8cQVV2c4xreV/by-unit/42TJQ2B36EQBG,Payment,Web,"",42H7QY27J54ZJVP5JFT7MWZXW8,Camokai Llc,"",ea,1
