Date,Time,Time Zone,Category,Item,Qty,Price Point Name,SKU,Modifiers Applied,Gross Sales,Discounts,Net Sales,Tax,Transaction ID,Payment ID,Device Name,Notes,Details,Event Type,Location,Dining Option,Customer ID,Customer Name,Customer Reference ID,Unit,Count
04/11/19,19:45:54,Central Time (US & Canada),None,Custom Amount,1.0,"","","",$112.50,$0.00,$112.50,$0.00,1RUQwPbumlIFqwn0mfMZPMheV,EHZvZ4wYf7MlZIhuwVDbVsMF,"",Order #2519 from Frond Design Studios,https://squareup.com/dashboard/sales/transactions/1RUQwPbumlIFqwn0mfMZPMheV/by-unit/42TJQ2B36EQBG,Payment,Web,"",K9XGX5TRQ94P4Q497J3P6216KM,June Thompson,"",ea,1
04/11/19,13:04:32,Central Time (US & Canada),Classes,Other Class - ADD NOTE,1.0,Regular,"","",$39.99,$-20.00,$19.99,$1.40,AsT8llntPxfHy8GCrXcZgyMF,GLvMdLscVvmQJagf93rLtwMF,iPad,Fabric painting,https://squareup.com/dashboard/sales/transactions/AsT8llntPxfHy8GCrXcZgyMF/by-unit/0WT1WCKZW65WD,Payment,Cedar Rapids,"",9QVQH2VK1N1BMQAWCVYZ928YR0,Rachel Schlager,"",ea,1
04/11/19,12:28:35,Central Time (US & Canada),Pattern,Rave Wave Pattern,1.0,Regular,"","",$12.00,$-6.00,$6.00,$0.42,4EBETE1kez6bbVoQ1cDMfzMF,cWNIKsKs6LpHWes2mg45S,iPad,"",https://squareup.com/dashboard/sales/transactions/4EBETE1kez6bbVoQ1cDMfzMF/by-unit/0WT1WCKZW65WD,Payment,Cedar Rapids,"","","","",ea,1
04/11/19,10:58:02,Central Time (US & Canada),None,Custom Amount,1.0,"","","",$119.00,$0.00,$119.00,$8.33,OHJGx41IIwwvIIC88yGh1tMF,KK42gSjkALJSYwpoXMtcoyMF,iPad,"",https://squareup.com/dashboard/sales/transactions/OHJGx41IIwwvIIC88yGh1tMF/by-unit/0WT1WCKZW65WD,Payment,Cedar Rapids,"",86ED6Z72ZX3ZYT4P99TSHKS85M,Debra Wordehoff,"",ea,1
04/10/19,17:39:57,Central Time (US & Canada),None,Custom Amount,1.0,"","","",$18.00,$0.00,$18.00,$1.26,eBgRlFK7yg4AwtBHbaK1qyMF,kAImxTxc0adbtHMQwev5S,iPad,"",https://squareup.com/dashboard/sales/transactions/eBgRlFK7yg4AwtBHbaK1qyMF/by-unit/0WT1WCKZW65WD,Payment,Cedar Rapids,"","","","",ea,1
04/10/19,17:39:57,Central Time (US & Canada),None,Custom Amount,1.0,"","","",$10.00,$0.00,$10.00,$0.70,eBgRlFK7yg4AwtBHbaK1qyMF,kAImxTxc0adbtHMQwev5S,iPad,"",https://squareup.com/dashboard/sales/transactions/eBgRlFK7yg4AwtBHbaK1qyMF/by-unit/0WT1WCKZW65WD,Payment,Cedar Rapids,"","","","",ea,1
04/10/19,17:39:57,Central Time (US & Canada),None,Custom Amount,1.0,"","","",$19.99,$0.00,$19.99,$1.40,eBgRlFK7yg4AwtBHbaK1qyMF,kAImxTxc0adbtHMQwev5S,iPad,"",https://squareup.com/dashboard/sales/transactions/eBgRlFK7yg4AwtBHbaK1qyMF/by-unit/0WT1WCKZW65WD,Payment,Cedar Rapids,"","","","",ea,1
04/10/19,17:39:57,Central Time (US & Canada),None,Custom Amount,1.0,"","","",$12.00,$0.00,$12.00,$0.84,eBgRlFK7yg4AwtBHbaK1qyMF,kAImxTxc0adbtHMQwev5S,iPad,"",https://squareup.com/dashboard/sales/transactions/eBgRlFK7yg4AwtBHbaK1qyMF/by-unit/0WT1WCKZW65WD,Payment,Cedar Rapids,"","","","",ea,1
04/10/19,13:36:58,Central Time (US & Canada),None,Custom Amount,1.0,"","","",$45.00,$0.00,$45.00,$3.15,4QrcEheznbfiHgRcGOTsusMF,Uy7p1VeqxK6jO7eGA735S,iPad,"",https://squareup.com/dashboard/sales/transactions/4QrcEheznbfiHgRcGOTsusMF/by-unit/0WT1WCKZW65WD,Payment,Cedar Rapids,"","","","",ea,1
04/10/19,11:16:26,Central Time (US & Canada),None,Custom Amount,1.0,"","","",$19.99,$0.00,$19.99,$1.40,gaqgZfZePumJXfh3pLdRlvMF,6jeHffOlnXbUUcfRaoA6S,iPad,"",https://squareup.com/dashboard/sales/transactions/gaqgZfZePumJXfh3pLdRlvMF/by-unit/0WT1WCKZW65WD,Payment,Cedar Rapids,"","","","",ea,1
04/09/19,14:45:24,Central Time (US & Canada),None,Custom Amount,1.0,"","","",$9.50,$0.00,$9.50,$0.00,ZvikSsqym6yqbUlufng7hIveV,uGPADDL83tGVR232ljDJkyMF,Stephanie Brandenburg,"",https://squareup.com/dashboard/sales/transactions/ZvikSsqym6yqbUlufng7hIveV/by-unit/39APN171F274W,Payment,Trade Shows,"",WAQFFDW5TH2KMM0VEY37A7AM40,Susan Field,"",ea,1
04/09/19,14:45:24,Central Time (US & Canada),None,Custom Amount,1.0,"","","",$25.00,$0.00,$25.00,$0.00,ZvikSsqym6yqbUlufng7hIveV,uGPADDL83tGVR232ljDJkyMF,Stephanie Brandenburg,"",https://squareup.com/dashboard/sales/transactions/ZvikSsqym6yqbUlufng7hIveV/by-unit/39APN171F274W,Payment,Trade Shows,"",WAQFFDW5TH2KMM0VEY37A7AM40,Susan Field,"",ea,1
04/09/19,14:45:24,Central Time (US & Canada),None,Custom Amount,2.0,"","","",$36.00,$0.00,$36.00,$0.00,ZvikSsqym6yqbUlufng7hIveV,uGPADDL83tGVR232ljDJkyMF,Stephanie Brandenburg,"",https://squareup.com/dashboard/sales/transactions/ZvikSsqym6yqbUlufng7hIveV/by-unit/39APN171F274W,Payment,Trade Shows,"",WAQFFDW5TH2KMM0VEY37A7AM40,Susan Field,"",ea,2
04/09/19,14:43:03,Central Time (US & Canada),None,Custom Amount,1.0,"","","",$39.00,$0.00,$39.00,$0.00,JV5A0wpFkhKIzvKOBC0UVYyeV,DT3ZPXBOkQGr1a24tpk2QxMF,Stephanie Brandenburg,"",https://squareup.com/dashboard/sales/transactions/JV5A0wpFkhKIzvKOBC0UVYyeV/by-unit/39APN171F274W,Payment,Trade Shows,"",R2ABY3CZJD5NTHA47PGT9B7YWG,Daniel Faimon,"",ea,1
04/09/19,14:43:03,Central Time (US & Canada),None,Custom Amount,1.0,"","","",$29.00,$0.00,$29.00,$0.00,JV5A0wpFkhKIzvKOBC0UVYyeV,DT3ZPXBOkQGr1a24tpk2QxMF,Stephanie Brandenburg,"",https://squareup.com/dashboard/sales/transactions/JV5A0wpFkhKIzvKOBC0UVYyeV/by-unit/39APN171F274W,Payment,Trade Shows,"",R2ABY3CZJD5NTHA47PGT9B7YWG,Daniel Faimon,"",ea,1
04/09/19,14:43:03,Central Time (US & Canada),None,Custom Amount,1.0,"","","",$18.00,$0.00,$18.00,$0.00,JV5A0wpFkhKIzvKOBC0UVYyeV,DT3ZPXBOkQGr1a24tpk2QxMF,Stephanie Brandenburg,"",https://squareup.com/dashboard/sales/transactions/JV5A0wpFkhKIzvKOBC0UVYyeV/by-unit/39APN171F274W,Payment,Trade Shows,"",R2ABY3CZJD5NTHA47PGT9B7YWG,Daniel Faimon,"",ea,1
04/09/19,14:43:03,Central Time (US & Canada),None,Custom Amount,1.0,"","","",$9.00,$0.00,$9.00,$0.00,JV5A0wpFkhKIzvKOBC0UVYyeV,DT3ZPXBOkQGr1a24tpk2QxMF,Stephanie Brandenburg,"",https://squareup.com/dashboard/sales/transactions/JV5A0wpFkhKIzvKOBC0UVYyeV/by-unit/39APN171F274W,Payment,Trade Shows,"",R2ABY3CZJD5NTHA47PGT9B7YWG,Daniel Faimon,"",ea,1
04/09/19,14:15:15,Central Time (US & Canada),None,Custom Amount,1.0,"","","",$9.50,$0.00,$9.50,$0.00,HchMRUKSaiLGnm3m17ikufveV,5nUj2GkDGZgZfknCvqsKLQB,Stephanie Brandenburg,"",https://squareup.com/dashboard/sales/transactions/HchMRUKSaiLGnm3m17ikufveV/by-unit/39APN171F274W,Payment,Trade Shows,"","","","",ea,1
04/09/19,13:56:33,Central Time (US & Canada),None,Custom Amount,1.0,"","","",$29.00,$0.00,$29.00,$0.00,1zH79bv49RE9cYx4fiWLJlreV,TOpV5el5euLl9uxjk78fLQB,Stephanie Brandenburg,"",https://squareup.com/dashboard/sales/transactions/1zH79bv49RE9cYx4fiWLJlreV/by-unit/39APN171F274W,Payment,Trade Shows,"",9RM64YP0TS5DVC1SP1GTAECV48,"","",ea,1
04/09/19,13:56:33,Central Time (US & Canada),None,Custom Amount,1.0,"","","",$27.00,$0.00,$27.00,$0.00,1zH79bv49RE9cYx4fiWLJlreV,TOpV5el5euLl9uxjk78fLQB,Stephanie Brandenburg,"",https://squareup.com/dashboard/sales/transactions/1zH79bv49RE9cYx4fiWLJlreV/by-unit/39APN171F274W,Payment,Trade Shows,"",9RM64YP0TS5DVC1SP1GTAECV48,"","",ea,1
04/09/19,13:56:33,Central Time (US & Canada),None,Custom Amount,1.0,"","","",$22.00,$0.00,$22.00,$0.00,1zH79bv49RE9cYx4fiWLJlreV,TOpV5el5euLl9uxjk78fLQB,Stephanie Brandenburg,"",https://squareup.com/dashboard/sales/transactions/1zH79bv49RE9cYx4fiWLJlreV/by-unit/39APN171F274W,Payment,Trade Shows,"",9RM64YP0TS5DVC1SP1GTAECV48,"","",ea,1
04/09/19,13:28:05,Central Time (US & Canada),None,Custom Amount,1.0,"","","",$27.00,$0.00,$27.00,$0.00,Rz2koZoBtG7IEM4IfJxEDCmeV,cmSzxmsK9ypZewYh449PssMF,Stephanie Brandenburg,"",https://squareup.com/dashboard/sales/transactions/Rz2koZoBtG7IEM4IfJxEDCmeV/by-unit/39APN171F274W,Payment,Trade Shows,"",97HF8DY2GS4Q0PTXSWQ5CZPS68,Joyce Pope,"",ea,1
04/09/19,13:28:05,Central Time (US & Canada),None,Custom Amount,1.0,"","","",$8.00,$0.00,$8.00,$0.00,Rz2koZoBtG7IEM4IfJxEDCmeV,cmSzxmsK9ypZewYh449PssMF,Stephanie Brandenburg,"",https://squareup.com/dashboard/sales/transactions/Rz2koZoBtG7IEM4IfJxEDCmeV/by-unit/39APN171F274W,Payment,Trade Shows,"",97HF8DY2GS4Q0PTXSWQ5CZPS68,Joyce Pope,"",ea,1
04/09/19,13:16:05,Central Time (US & Canada),None,Custom Amount,1.0,"","","",$199.00,$0.00,$199.00,$0.00,hp71fyaDQbpUqIoPTV2fYNzeV,6qcjdD8Ga96DZstM0zgSbvMF,Stephanie Brandenburg,"",https://squareup.com/dashboard/sales/transactions/hp71fyaDQbpUqIoPTV2fYNzeV/by-unit/39APN171F274W,Payment,Trade Shows,"",Q9D21JWEZ9244SQCEQH3RVPXDR,Kathy Cather,"",ea,1
04/09/19,13:13:53,Central Time (US & Canada),None,Custom Amount,1.0,"","","",$5.00,$0.00,$5.00,$0.00,Rh98Wc8E7wkHHf16VZ1kKExeV,tYOUsVxdBr8RZCPUDpfn5wMF,Stephanie Brandenburg,"",https://squareup.com/dashboard/sales/transactions/Rh98Wc8E7wkHHf16VZ1kKExeV/by-unit/39APN171F274W,Payment,Trade Shows,"",RQMMXP18D51ATS6FKFYP7N9SQW,Barbara Brown,"",ea,1
04/09/19,13:13:53,Central Time (US & Canada),None,Custom Amount,1.0,"","","",$27.00,$0.00,$27.00,$0.00,Rh98Wc8E7wkHHf16VZ1kKExeV,tYOUsVxdBr8RZCPUDpfn5wMF,Stephanie Brandenburg,"",https://squareup.com/dashboard/sales/transactions/Rh98Wc8E7wkHHf16VZ1kKExeV/by-unit/39APN171F274W,Payment,Trade Shows,"",RQMMXP18D51ATS6FKFYP7N9SQW,Barbara Brown,"",ea,1
04/09/19,13:07:08,Central Time (US & Canada),None,Custom Amount,1.0,"","","",$22.00,$0.00,$22.00,$0.00,P6CIeWmHjutgobHoW1NYLG3eV,QENg6aOwDVSqedFwt2obnyMF,Stephanie Brandenburg,"",https://squareup.com/dashboard/sales/transactions/P6CIeWmHjutgobHoW1NYLG3eV/by-unit/39APN171F274W,Payment,Trade Shows,"",XNGM1X67JN14JGTEXGF6S75A10,Kathryn Baumbach,"",ea,1
04/09/19,13:07:08,Central Time (US & Canada),None,Custom Amount,1.0,"","","",$19.90,$0.00,$19.90,$0.00,P6CIeWmHjutgobHoW1NYLG3eV,QENg6aOwDVSqedFwt2obnyMF,Stephanie Brandenburg,"",https://squareup.com/dashboard/sales/transactions/P6CIeWmHjutgobHoW1NYLG3eV/by-unit/39APN171F274W,Payment,Trade Shows,"",XNGM1X67JN14JGTEXGF6S75A10,Kathryn Baumbach,"",ea,1
04/09/19,13:06:23,Central Time (US & Canada),None,Custom Amount,1.0,"","","",$29.00,$0.00,$29.00,$0.00,hxV2quwF6uE1lTk60REaaPteV,zHETxC216lVvRdpOrlKIttMF,Stephanie Brandenburg,"",https://squareup.com/dashboard/sales/transactions/hxV2quwF6uE1lTk60REaaPteV/by-unit/39APN171F274W,Payment,Trade Shows,"",5Y3VQVNQA10YPQKKDD96YFTAAM,Joan Yoder,"",ea,1
04/09/19,12:44:15,Central Time (US & Canada),None,Custom Amount,1.0,"","","",$22.00,$0.00,$22.00,$0.00,7QozymaojQhvWbYMcJQdWNieV,Zf2I5u40AO1fvTluJs81JQB,Stephanie Brandenburg,"",https://squareup.com/dashboard/sales/transactions/7QozymaojQhvWbYMcJQdWNieV/by-unit/39APN171F274W,Payment,Trade Shows,"","","","",ea,1
04/09/19,12:44:15,Central Time (US & Canada),None,Custom Amount,1.0,"","","",$9.00,$0.00,$9.00,$0.00,7QozymaojQhvWbYMcJQdWNieV,Zf2I5u40AO1fvTluJs81JQB,Stephanie Brandenburg,"",https://squareup.com/dashboard/sales/transactions/7QozymaojQhvWbYMcJQdWNieV/by-unit/39APN171F274W,Payment,Trade Shows,"","","","",ea,1
04/09/19,12:44:15,Central Time (US & Canada),None,Custom Amount,1.0,"","","",$24.99,$0.00,$24.99,$0.00,7QozymaojQhvWbYMcJQdWNieV,Zf2I5u40AO1fvTluJs81JQB,Stephanie Brandenburg,"",https://squareup.com/dashboard/sales/transactions/7QozymaojQhvWbYMcJQdWNieV/by-unit/39APN171F274W,Payment,Trade Shows,"","","","",ea,1
04/09/19,12:41:54,Central Time (US & Canada),None,Custom Amount,1.0,"","","",$77.00,$0.00,$77.00,$0.00,VhEoohVf1KeCL0yndJiWooleV,VDDjs6bo8cLMTNcRVvVgLQB,Stephanie Brandenburg,"",https://squareup.com/dashboard/sales/transactions/VhEoohVf1KeCL0yndJiWooleV/by-unit/39APN171F274W,Payment,Trade Shows,"","","","",ea,1
04/09/19,12:30:12,Central Time (US & Canada),None,Custom Amount,1.0,"","","",$59.99,$0.00,$59.99,$0.00,9Ll7gtQmJiim5dGg5C2pIuseV,tcjrNHfz2wPyL8eFwHGiVtMF,Stephanie Brandenburg,"",https://squareup.com/dashboard/sales/transactions/9Ll7gtQmJiim5dGg5C2pIuseV/by-unit/39APN171F274W,Payment,Trade Shows,"",VAZVMXQV2D1DEM3N4T1Y2K2A5C,Rose Kromer,"",ea,1
04/09/19,09:39:56,Central Time (US & Canada),None,Custom Amount,1.0,"","","",$44.00,$0.00,$44.00,$0.00,VPRHW5Ch5HqDrZXbCkEMLN3eV,L7fAtFcmMxdlnpoasX6wWzMF,"",Order #2511 from Frond Design Studios,https://squareup.com/dashboard/sales/transactions/VPRHW5Ch5HqDrZXbCkEMLN3eV/by-unit/42TJQ2B36EQBG,Payment,Web,"",WYGGAQHEAS2GCTDSGEM61H971W,Karin Kraft-stuppy,"",ea,1
04/08/19,20:42:53,Central Time (US & Canada),None,Custom Amount,1.0,"","","",$33.00,$0.00,$33.00,$0.00,tPjDYK0VlnO9o2l1AopmqdseV,EQGNgN1IOssUVrtATmisQyMF,Stephanie Brandenburg,"",https://squareup.com/dashboard/sales/transactions/tPjDYK0VlnO9o2l1AopmqdseV/by-unit/39APN171F274W,Payment,Trade Shows,"",WAQFFDW5TH2KMM0VEY37A7AM40,Susan Field,"",ea,1
04/08/19,20:42:53,Central Time (US & Canada),None,Custom Amount,1.0,"","","",$2.00,$0.00,$2.00,$0.00,tPjDYK0VlnO9o2l1AopmqdseV,EQGNgN1IOssUVrtATmisQyMF,Stephanie Brandenburg,"",https://squareup.com/dashboard/sales/transactions/tPjDYK0VlnO9o2l1AopmqdseV/by-unit/39APN171F274W,Payment,Trade Shows,"",WAQFFDW5TH2KMM0VEY37A7AM40,Susan Field,"",ea,1
04/08/19,20:42:11,Central Time (US & Canada),None,Custom Amount,1.0,"","","",$99.00,$0.00,$99.00,$0.00,5vmu0CxmHptCedmSHpW5kqneV,bM8mOJKOWX5DTm3I6xlALQB,Stephanie Brandenburg,"",https://squareup.com/dashboard/sales/transactions/5vmu0CxmHptCedmSHpW5kqneV/by-unit/39APN171F274W,Payment,Trade Shows,"","","","",ea,1
04/08/19,20:37:26,Central Time (US & Canada),None,Custom Amount,1.0,"","","",$24.99,$0.00,$24.99,$0.00,5DEq1AuL5kOxHauZghbwA88eV,bFbTNZYJ2YCWDyBVrWKXpwMF,Stephanie Brandenburg,"",https://squareup.com/dashboard/sales/transactions/5DEq1AuL5kOxHauZghbwA88eV/by-unit/39APN171F274W,Payment,Trade Shows,"",79BYRAXFRD2JWK0G64M6WJR1PM,Donna Welte,"",ea,1
04/08/19,20:36:40,Central Time (US & Canada),None,Custom Amount,1.0,"","","",$22.00,$0.00,$22.00,$0.00,zebudq2vG7D5UJCtX4wQTLxeV,onpmfBkfn2fta2eBfhbfhwMF,Stephanie Brandenburg,"",https://squareup.com/dashboard/sales/transactions/zebudq2vG7D5UJCtX4wQTLxeV/by-unit/39APN171F274W,Payment,Trade Shows,"",120WERC3RS6KPNTETG4X6XE4DM,Kathleen Conroy,"",ea,1
04/08/19,20:35:59,Central Time (US & Canada),None,Custom Amount,1.0,"","","",$25.00,$0.00,$25.00,$0.00,jYKDqxE37nRQV3TontI0KKgeV,i8LRIijcFTB4EulCN9uLysMF,Stephanie Brandenburg,"",https://squareup.com/dashboard/sales/transactions/jYKDqxE37nRQV3TontI0KKgeV/by-unit/39APN171F274W,Payment,Trade Shows,"",B1AEWSCS2H3VWX8VVD3QYE7F14,Irene Culbertson,"",ea,1
04/08/19,20:35:59,Central Time (US & Canada),None,Custom Amount,1.0,"","","",$24.99,$0.00,$24.99,$0.00,jYKDqxE37nRQV3TontI0KKgeV,i8LRIijcFTB4EulCN9uLysMF,Stephanie Brandenburg,"",https://squareup.com/dashboard/sales/transactions/jYKDqxE37nRQV3TontI0KKgeV/by-unit/39APN171F274W,Payment,Trade Shows,"",B1AEWSCS2H3VWX8VVD3QYE7F14,Irene Culbertson,"",ea,1
04/08/19,20:35:13,Central Time (US & Canada),None,Custom Amount,1.0,"","","",$33.00,$0.00,$33.00,$0.00,tpiI66lweWd2zBzGvpkSmQneV,J27JIwM8Ha4JhRRzzL4vXsMF,Stephanie Brandenburg,"",https://squareup.com/dashboard/sales/transactions/tpiI66lweWd2zBzGvpkSmQneV/by-unit/39APN171F274W,Payment,Trade Shows,"",2JBGV9QYHH60RKQ4339ZQE846C,Juanita Williamson,"",ea,1
04/08/19,20:34:01,Central Time (US & Canada),None,Custom Amount,1.0,"","","",$19.99,$0.00,$19.99,$0.00,91EAquUA5IMCiVZmbCnbUO0eV,OjUGil7LvmVa3eGHK2GEEwMF,Stephanie Brandenburg,"",https://squareup.com/dashboard/sales/transactions/91EAquUA5IMCiVZmbCnbUO0eV/by-unit/39APN171F274W,Payment,Trade Shows,"",Q113YXVA1H0JYGHGBZ4Z3REBZM,Georgia Jones,"",ea,1
04/08/19,20:34:01,Central Time (US & Canada),None,Custom Amount,1.0,"","","",$12.50,$0.00,$12.50,$0.00,91EAquUA5IMCiVZmbCnbUO0eV,OjUGil7LvmVa3eGHK2GEEwMF,Stephanie Brandenburg,"",https://squareup.com/dashboard/sales/transactions/91EAquUA5IMCiVZmbCnbUO0eV/by-unit/39APN171F274W,Payment,Trade Shows,"",Q113YXVA1H0JYGHGBZ4Z3REBZM,Georgia Jones,"",ea,1
04/08/19,20:32:37,Central Time (US & Canada),None,Custom Amount,1.0,"","","",$19.99,$0.00,$19.99,$0.00,5LkQHdnjQ0Xr6GMncRAUBR8eV,jb1YFm613mrtF81FMjLdgzMF,Stephanie Brandenburg,"",https://squareup.com/dashboard/sales/transactions/5LkQHdnjQ0Xr6GMncRAUBR8eV/by-unit/39APN171F274W,Payment,Trade Shows,"",T6JEPBYRFS0BEV2DP2N6DAXZGR,Judy Slama,"",ea,1
04/08/19,20:32:37,Central Time (US & Canada),None,Custom Amount,1.0,"","","",$22.00,$0.00,$22.00,$0.00,5LkQHdnjQ0Xr6GMncRAUBR8eV,jb1YFm613mrtF81FMjLdgzMF,Stephanie Brandenburg,"",https://squareup.com/dashboard/sales/transactions/5LkQHdnjQ0Xr6GMncRAUBR8eV/by-unit/39APN171F274W,Payment,Trade Shows,"",T6JEPBYRFS0BEV2DP2N6DAXZGR,Judy Slama,"",ea,1
04/08/19,20:31:39,Central Time (US & Canada),None,Custom Amount,1.0,"","","",$22.00,$0.00,$22.00,$0.00,LkomjnSmbkLT0OlXrEMyz59eV,NdCDouD9hx0veOkeluaEKQB,Stephanie Brandenburg,"",https://squareup.com/dashboard/sales/transactions/LkomjnSmbkLT0OlXrEMyz59eV/by-unit/39APN171F274W,Payment,Trade Shows,"","","","",ea,1
04/08/19,20:30:42,Central Time (US & Canada),None,Custom Amount,1.0,"","","",$24.99,$0.00,$24.99,$0.00,drRZE6a9ND4ZTgxzSMzvAtfeV,6Sk2kdadMA2PSgVCj7kMCvMF,Stephanie Brandenburg,"",https://squareup.com/dashboard/sales/transactions/drRZE6a9ND4ZTgxzSMzvAtfeV/by-unit/39APN171F274W,Payment,Trade Shows,"",R2ABY3CZJD5NTHA47PGT9B7YWG,Daniel Faimon,"",ea,1
04/08/19,20:30:06,Central Time (US & Canada),None,Custom Amount,1.0,"","","",$59.99,$0.00,$59.99,$0.00,vQXvFWQrzaeqaKXs5eVLc6oeV,J6RSbd3T7kBAVMyFxlFuCvMF,Stephanie Brandenburg,"",https://squareup.com/dashboard/sales/transactions/vQXvFWQrzaeqaKXs5eVLc6oeV/by-unit/39APN171F274W,Payment,Trade Shows,"",Z3408HDJQD17WPTCDT0ZDF70QC,Nancy Anderson,"",ea,1
04/08/19,20:30:06,Central Time (US & Canada),None,Custom Amount,1.0,"","","",$24.99,$0.00,$24.99,$0.00,vQXvFWQrzaeqaKXs5eVLc6oeV,J6RSbd3T7kBAVMyFxlFuCvMF,Stephanie Brandenburg,"",https://squareup.com/dashboard/sales/transactions/vQXvFWQrzaeqaKXs5eVLc6oeV/by-unit/39APN171F274W,Payment,Trade Shows,"",Z3408HDJQD17WPTCDT0ZDF70QC,Nancy Anderson,"",ea,1
04/08/19,20:29:21,Central Time (US & Canada),None,Custom Amount,1.0,"","","",$24.99,$0.00,$24.99,$0.00,53YjrixdGUpWwmN7UMJNJB2eV,Br4bHf4KzyoUfm9ilnAyKQB,Stephanie Brandenburg,"",https://squareup.com/dashboard/sales/transactions/53YjrixdGUpWwmN7UMJNJB2eV/by-unit/39APN171F274W,Payment,Trade Shows,"",W97Q51S54D6S9AFKSN633QKK84,"","",ea,1
04/08/19,20:29:21,Central Time (US & Canada),None,Custom Amount,1.0,"","","",$88.00,$0.00,$88.00,$0.00,53YjrixdGUpWwmN7UMJNJB2eV,Br4bHf4KzyoUfm9ilnAyKQB,Stephanie Brandenburg,"",https://squareup.com/dashboard/sales/transactions/53YjrixdGUpWwmN7UMJNJB2eV/by-unit/39APN171F274W,Payment,Trade Shows,"",W97Q51S54D6S9AFKSN633QKK84,"","",ea,1
04/08/19,20:25:55,Central Time (US & Canada),None,Custom Amount,1.0,"","","",$19.99,$0.00,$19.99,$0.00,b0oeiCBxOlG0aO5bRusrHAxeV,4eN98lhoJCRtnuL9aQWgyxMF,Stephanie Brandenburg,"",https://squareup.com/dashboard/sales/transactions/b0oeiCBxOlG0aO5bRusrHAxeV/by-unit/39APN171F274W,Payment,Trade Shows,"",0X2BF86EYN5Q0QDSF115T751BM,Deette Sudik,"",ea,1
04/08/19,20:25:55,Central Time (US & Canada),None,Custom Amount,1.0,"","","",$22.00,$0.00,$22.00,$0.00,b0oeiCBxOlG0aO5bRusrHAxeV,4eN98lhoJCRtnuL9aQWgyxMF,Stephanie Brandenburg,"",https://squareup.com/dashboard/sales/transactions/b0oeiCBxOlG0aO5bRusrHAxeV/by-unit/39APN171F274W,Payment,Trade Shows,"",0X2BF86EYN5Q0QDSF115T751BM,Deette Sudik,"",ea,1
04/08/19,20:24:27,Central Time (US & Canada),None,Custom Amount,1.0,"","","",$22.00,$0.00,$22.00,$0.00,ZHc5xmrLb3fA7zIYeE9Mxp8eV,oi4iti1qzSpdFkSF4GSrQtMF,Stephanie Brandenburg,"",https://squareup.com/dashboard/sales/transactions/ZHc5xmrLb3fA7zIYeE9Mxp8eV/by-unit/39APN171F274W,Payment,Trade Shows,"",Q61VF2VE613NAGPS58MN36YHTR,Lois Wilson,"",ea,1
04/08/19,20:21:11,Central Time (US & Canada),None,Custom Amount,1.0,"","","",$22.00,$0.00,$22.00,$0.00,1rDtuD3hjKntT7We49DQyzheV,Et4pF6b6qtGwFeKE268eJvMF,Stephanie Brandenburg,"",https://squareup.com/dashboard/sales/transactions/1rDtuD3hjKntT7We49DQyzheV/by-unit/39APN171F274W,Payment,Trade Shows,"",1648X82CTH05CJBD3VQ0ADT9AM,Rhonda Cushatt,"",ea,1
04/08/19,20:20:14,Central Time (US & Canada),None,Custom Amount,1.0,"","","",$22.00,$0.00,$22.00,$0.00,TCXdmD2BHra9hTYkQ5nnh1feV,xVaCD58NFshvUpr3JsZSpxMF,Stephanie Brandenburg,"",https://squareup.com/dashboard/sales/transactions/TCXdmD2BHra9hTYkQ5nnh1feV/by-unit/39APN171F274W,Payment,Trade Shows,"",6WPT0EFEA10QMYZRBQJYYP6DV0,M Clark,"",ea,1
04/08/19,20:20:14,Central Time (US & Canada),None,Custom Amount,1.0,"","","",$19.90,$0.00,$19.90,$0.00,TCXdmD2BHra9hTYkQ5nnh1feV,xVaCD58NFshvUpr3JsZSpxMF,Stephanie Brandenburg,"",https://squareup.com/dashboard/sales/transactions/TCXdmD2BHra9hTYkQ5nnh1feV/by-unit/39APN171F274W,Payment,Trade Shows,"",6WPT0EFEA10QMYZRBQJYYP6DV0,M Clark,"",ea,1
04/08/19,15:27:13,Central Time (US & Canada),Fabric,Cotton Fabric,1.0,Regular,"",1/2 yd,$6.25,$0.00,$6.25,$0.44,wagtJRAgHPUZiPHOmROJmwMF,Rt5vMPXuW7EQTK2YaHohavMF,iPad,"",https://squareup.com/dashboard/sales/transactions/wagtJRAgHPUZiPHOmROJmwMF/by-unit/0WT1WCKZW65WD,Payment,Cedar Rapids,"",5Y0GC7QAF14WJG7JWZQPRCYQM0,Gary Stansbery,"",ea,1
04/08/19,14:52:54,Central Time (US & Canada),Fabric,Other Fabric - ADD NOTE,1.0,Regular,"","",$179.90,$0.00,$179.90,$0.00,q3ieXWteoQIaHdbUSGrN6sMF,FNphhXu8V50lVtZXTTIYyyMF,iPad,"",https://squareup.com/dashboard/sales/transactions/q3ieXWteoQIaHdbUSGrN6sMF/by-unit/0WT1WCKZW65WD,Payment,Cedar Rapids,"",TZTNGNNCKX4F2H8D6ZSKEDFZW0,Phyllis Stephens,"",ea,1
04/08/19,12:25:08,Central Time (US & Canada),None,Custom Amount,1.0,"","","",$109.99,$0.00,$109.99,$0.00,59pGPHw78Tckq15HVc1003peV,qni7Zuf7rSH3etnbqABO3yMF,"",Order #2506 from Frond Design Studios,https://squareup.com/dashboard/sales/transactions/59pGPHw78Tckq15HVc1003peV/by-unit/42TJQ2B36EQBG,Payment,Web,"","","","",ea,1
04/07/19,15:43:47,Central Time (US & Canada),None,Custom Amount,1.0,"","","",$150.00,$0.00,$150.00,$10.50,0abnxGCPFcODuTZfzZEahsMF,g8Pqzuca6t3dKEXIjxr5S,iPad,"",https://squareup.com/dashboard/sales/transactions/0abnxGCPFcODuTZfzZEahsMF/by-unit/0WT1WCKZW65WD,Payment,Cedar Rapids,"","","","",ea,1
04/07/19,15:12:37,Central Time (US & Canada),None,Custom Amount,1.0,"","","",$12.50,$0.00,$12.50,$0.88,8wojsxQq4ykzca4ilG7RoxMF,mV0313tWkjjHWmh0mDo5S,iPad,"",https://squareup.com/dashboard/sales/transactions/8wojsxQq4ykzca4ilG7RoxMF/by-unit/0WT1WCKZW65WD,Payment,Cedar Rapids,"","","","",ea,1
04/06/19,18:06:40,Central Time (US & Canada),None,Custom Amount,1.0,"","","",$29.00,$0.00,$29.00,$2.03,mB65wmLnUxMaNMO2cpWZQyMF,adSbSqZTmIvcn2kURBwVUyMF,iPad,"",https://squareup.com/dashboard/sales/transactions/mB65wmLnUxMaNMO2cpWZQyMF/by-unit/0WT1WCKZW65WD,Payment,Cedar Rapids,"",S85GZQH8KN3ZCPG5FMK0QX7EVM,John Gottsacker,"",ea,1
04/06/19,17:54:00,Central Time (US & Canada),None,Custom Amount,1.0,"","","",$2.00,$0.00,$2.00,$0.14,CTwhhnqOsEwbT37DwcTVBxMF,gkNt4H9b2kEjZxJOXOk5S,iPad,"",https://squareup.com/dashboard/sales/transactions/CTwhhnqOsEwbT37DwcTVBxMF/by-unit/0WT1WCKZW65WD,Payment,Cedar Rapids,"","","","",ea,1
04/06/19,17:50:04,Central Time (US & Canada),Handmade,Dog Leashes,1.0,Regular,"","",$16.99,$-8.50,$8.49,$0.59,QcTYMDj5Svixd3zVoKR6uwMF,N0VE8S34VALBeN96ma33FyMF,iPad,"",https://squareup.com/dashboard/sales/transactions/QcTYMDj5Svixd3zVoKR6uwMF/by-unit/0WT1WCKZW65WD,Payment,Cedar Rapids,"",S85GZQH8KN3ZCPG5FMK0QX7EVM,John Gottsacker,"",ea,1
04/06/19,12:56:24,Central Time (US & Canada),Fabric,Cotton Fabric,1.0,Regular,"",1 yd,$12.50,$0.00,$12.50,$0.88,6LmJFqptzNUFNrTs54mF7vMF,"rpxtU0sG0rOwi1g62dgy7uMF, KVNMH7QqAoOXnU4xdol5S",iPad,"",https://squareup.com/dashboard/sales/transactions/6LmJFqptzNUFNrTs54mF7vMF/by-unit/0WT1WCKZW65WD,Payment,Cedar Rapids,"",", ",", ",", ",ea,1
04/06/19,12:50:47,Central Time (US & Canada),Fabric,Cotton Fabric,1.0,Regular,"",1 yd,$12.50,$0.00,$12.50,$0.88,CHkEqCsPAaJUPRvElBybpyMF,"k08Qxot8kYq3qlTkcQ0RptMF, 5TDRzJeDMAFOHGCSQrs6ezMF",iPad,"",https://squareup.com/dashboard/sales/transactions/CHkEqCsPAaJUPRvElBybpyMF/by-unit/0WT1WCKZW65WD,Payment,Cedar Rapids,"",", ",", ",", ",ea,1
04/06/19,12:49:24,Central Time (US & Canada),Pattern,Artisan Tunic Pattern,1.0,Regular,"","",$20.00,$0.00,$20.00,$1.40,2HL49XL2ARyL4m7IRvhocwMF,XuUX2vHWiJfYpmt6xsRBJtMF,iPad,"",https://squareup.com/dashboard/sales/transactions/2HL49XL2ARyL4m7IRvhocwMF/by-unit/0WT1WCKZW65WD,Payment,Cedar Rapids,"",H6N67B98RS4KAS7HMSNRVRSB8M,Bethany Mochal,"",ea,1
04/06/19,12:46:41,Central Time (US & Canada),Fabric,Cotton Fabric,7.0,Regular,"",1 yd,$87.50,$0.00,$87.50,$6.12,kKR6Q8CuzCqKbeW292c86yMF,Z7PrkMcmkGTIq0mfXidXtyMF,iPad,"",https://squareup.com/dashboard/sales/transactions/kKR6Q8CuzCqKbeW292c86yMF/by-unit/0WT1WCKZW65WD,Payment,Cedar Rapids,"","","","",ea,7
04/05/19,11:59:43,Central Time (US & Canada),Classes,Fabric Painting Class,1.0,Regular,"","",$39.00,$0.00,$39.00,$2.73,suDbca6TU4U0UvOQ5G276zMF,FDONlOw2XPfn0FQjJKfFFtMF,iPad,"",https://squareup.com/dashboard/sales/transactions/suDbca6TU4U0UvOQ5G276zMF/by-unit/0WT1WCKZW65WD,Payment,Cedar Rapids,"",TVA0VKGWD94MMS8K1HB584AH1C,Nancy Johnston,"",ea,1
04/05/19,11:37:08,Central Time (US & Canada),Fabric,Cotton Fabric,1.0,Regular,"",1/2 yd,$6.25,$0.00,$6.25,$0.44,86nwwLqL53FuZk7C4fXyotMF,f34lFhJrD4DSXBIcv2jDExMF,iPad,"",https://squareup.com/dashboard/sales/transactions/86nwwLqL53FuZk7C4fXyotMF/by-unit/0WT1WCKZW65WD,Payment,Cedar Rapids,"",5Y0GC7QAF14WJG7JWZQPRCYQM0,Gary Stansbery,"",ea,1
04/05/19,10:54:12,Central Time (US & Canada),Embellishments,Sari Ribbon,1.0,Sari skein,SARI-EYEL,"",$19.99,$0.00,$19.99,$1.40,6JVxPDFsvJfQX8yXODrWbxMF,tKXkdPywzB43yVq8fEwdPtMF,iPad,Black,https://squareup.com/dashboard/sales/transactions/6JVxPDFsvJfQX8yXODrWbxMF/by-unit/0WT1WCKZW65WD,Payment,Cedar Rapids,"",QVCXR88Z5S0CRP712400JVT538,Biolife Donor,"",ea,1
04/04/19,14:46:40,Central Time (US & Canada),Notions,Superior Fantastico 40 Wt Thread,8.0,Regular,"","",$71.92,$0.00,$71.92,$5.03,MiFBTCNt4S4wj9UFKPBzJwMF,oIJzI5WBDL4TECzcdh15S,iPad,"",https://squareup.com/dashboard/sales/transactions/MiFBTCNt4S4wj9UFKPBzJwMF/by-unit/0WT1WCKZW65WD,Payment,Cedar Rapids,"","","","",ea,8
04/04/19,14:16:51,Central Time (US & Canada),None,Custom Amount,1.0,"","","",$88.00,$0.00,$88.00,$6.16,YKaHXpAKri2XEfkUELo3bxMF,2DBKgz194m4HhsMxsb95S,iPad,Inversion,https://squareup.com/dashboard/sales/transactions/YKaHXpAKri2XEfkUELo3bxMF/by-unit/0WT1WCKZW65WD,Payment,Cedar Rapids,"","","","",ea,1
04/04/19,14:16:51,Central Time (US & Canada),None,Custom Amount,1.0,"","","",$110.00,$0.00,$110.00,$7.70,YKaHXpAKri2XEfkUELo3bxMF,2DBKgz194m4HhsMxsb95S,iPad,"",https://squareup.com/dashboard/sales/transactions/YKaHXpAKri2XEfkUELo3bxMF/by-unit/0WT1WCKZW65WD,Payment,Cedar Rapids,"","","","",ea,1
04/04/19,14:16:51,Central Time (US & Canada),None,Custom Amount,1.0,"","","",$33.00,$0.00,$33.00,$2.31,YKaHXpAKri2XEfkUELo3bxMF,2DBKgz194m4HhsMxsb95S,iPad,"",https://squareup.com/dashboard/sales/transactions/YKaHXpAKri2XEfkUELo3bxMF/by-unit/0WT1WCKZW65WD,Payment,Cedar Rapids,"","","","",ea,1
04/04/19,14:16:51,Central Time (US & Canada),Kits,Bonsai! - Discovery Tree (72x72 5 yds),1.0,Regular,BONS-DISC-K,"",$139.00,$0.00,$139.00,$9.73,YKaHXpAKri2XEfkUELo3bxMF,2DBKgz194m4HhsMxsb95S,iPad,"",https://squareup.com/dashboard/sales/transactions/YKaHXpAKri2XEfkUELo3bxMF/by-unit/0WT1WCKZW65WD,Payment,Cedar Rapids,"","","","",ea,1
04/04/19,14:16:51,Central Time (US & Canada),None,Custom Amount,1.0,"","","",$110.00,$0.00,$110.00,$7.70,YKaHXpAKri2XEfkUELo3bxMF,2DBKgz194m4HhsMxsb95S,iPad,"",https://squareup.com/dashboard/sales/transactions/YKaHXpAKri2XEfkUELo3bxMF/by-unit/0WT1WCKZW65WD,Payment,Cedar Rapids,"","","","",ea,1
04/04/19,14:16:51,Central Time (US & Canada),Kits,TV Dinner Kit (59x81),1.0,Regular,"","",$109.99,$0.00,$109.99,$7.70,YKaHXpAKri2XEfkUELo3bxMF,2DBKgz194m4HhsMxsb95S,iPad,"",https://squareup.com/dashboard/sales/transactions/YKaHXpAKri2XEfkUELo3bxMF/by-unit/0WT1WCKZW65WD,Payment,Cedar Rapids,"","","","",ea,1
04/04/19,14:16:51,Central Time (US & Canada),None,Custom Amount,1.0,"","","",$110.00,$0.00,$110.00,$7.70,YKaHXpAKri2XEfkUELo3bxMF,2DBKgz194m4HhsMxsb95S,iPad,"",https://squareup.com/dashboard/sales/transactions/YKaHXpAKri2XEfkUELo3bxMF/by-unit/0WT1WCKZW65WD,Payment,Cedar Rapids,"","","","",ea,1
04/04/19,14:16:51,Central Time (US & Canada),Kits,Labyrinth(58x75 Incl),1.0,Regular,KITS:LABY-CELE-K,"",$139.99,$0.00,$139.99,$9.80,YKaHXpAKri2XEfkUELo3bxMF,2DBKgz194m4HhsMxsb95S,iPad,"",https://squareup.com/dashboard/sales/transactions/YKaHXpAKri2XEfkUELo3bxMF/by-unit/0WT1WCKZW65WD,Payment,Cedar Rapids,"","","","",ea,1
04/04/19,14:16:51,Central Time (US & Canada),None,Custom Amount,1.0,"","","",$110.00,$0.00,$110.00,$7.70,YKaHXpAKri2XEfkUELo3bxMF,2DBKgz194m4HhsMxsb95S,iPad,"",https://squareup.com/dashboard/sales/transactions/YKaHXpAKri2XEfkUELo3bxMF/by-unit/0WT1WCKZW65WD,Payment,Cedar Rapids,"","","","",ea,1
04/04/19,13:31:58,Central Time (US & Canada),Fq,FQ Pack Miscellaneous ,2.0,6 Ct,"","",$41.98,$0.00,$41.98,$2.94,MGfJPrTu7Bt0K5zcnvhYswMF,r50AIk6aeTWyjzl7tJ0vxwMF,iPad,"",https://squareup.com/dashboard/sales/transactions/MGfJPrTu7Bt0K5zcnvhYswMF/by-unit/0WT1WCKZW65WD,Payment,Cedar Rapids,"",8E87QKTMJD04JG7DJCMWX8MQZM,Ann Miller,"",ea,2
04/04/19,13:29:14,Central Time (US & Canada),Handmade,Clothes,1.0,Regular,"","",$49.00,$0.00,$49.00,$3.43,QWG9rsNOEP9BjE2IykFpBtMF,2VjUsMmbbhfF2VQkDS40ZyMF,iPad,Confetti skirt,https://squareup.com/dashboard/sales/transactions/QWG9rsNOEP9BjE2IykFpBtMF/by-unit/0WT1WCKZW65WD,Payment,Cedar Rapids,"",JAVJ1D2GNN1DWWF3W6AKW968W0,Stephanie Geyer,"",ea,1
04/04/19,13:29:14,Central Time (US & Canada),Fabric,Cotton Fabric,3.0,Regular,"",1 yd,$37.50,$0.00,$37.50,$2.63,QWG9rsNOEP9BjE2IykFpBtMF,2VjUsMmbbhfF2VQkDS40ZyMF,iPad,"",https://squareup.com/dashboard/sales/transactions/QWG9rsNOEP9BjE2IykFpBtMF/by-unit/0WT1WCKZW65WD,Payment,Cedar Rapids,"",JAVJ1D2GNN1DWWF3W6AKW968W0,Stephanie Geyer,"",ea,3
04/04/19,11:15:28,Central Time (US & Canada),Fabric,1.0,6.0,Regular,"","",$75.00,$0.00,$75.00,$5.25,YqgurU0p4qw4Ie6VFFIsazMF,bOL4Fmz41sSLBrRqJNXRFzMF,iPad,"",https://squareup.com/dashboard/sales/transactions/YqgurU0p4qw4Ie6VFFIsazMF/by-unit/0WT1WCKZW65WD,Payment,Cedar Rapids,"",2J6SQ2MMMX4NGQA7EK340EV9E8,Christine Schanbacher,"",ea,6
04/04/19,11:15:28,Central Time (US & Canada),Fabric,1.0,1.0,Regular,"",1 yd,$25.00,$0.00,$25.00,$1.75,YqgurU0p4qw4Ie6VFFIsazMF,bOL4Fmz41sSLBrRqJNXRFzMF,iPad,"",https://squareup.com/dashboard/sales/transactions/YqgurU0p4qw4Ie6VFFIsazMF/by-unit/0WT1WCKZW65WD,Payment,Cedar Rapids,"",2J6SQ2MMMX4NGQA7EK340EV9E8,Christine Schanbacher,"",ea,1
04/04/19,11:15:28,Central Time (US & Canada),Classes,Other Class - ADD NOTE,2.0,Regular,"","",$78.00,$0.00,$78.00,$5.46,YqgurU0p4qw4Ie6VFFIsazMF,bOL4Fmz41sSLBrRqJNXRFzMF,iPad,"",https://squareup.com/dashboard/sales/transactions/YqgurU0p4qw4Ie6VFFIsazMF/by-unit/0WT1WCKZW65WD,Payment,Cedar Rapids,"",2J6SQ2MMMX4NGQA7EK340EV9E8,Christine Schanbacher,"",ea,2
04/04/19,11:14:08,Central Time (US & Canada),Classes,Other Class - ADD NOTE,2.0,Regular,"","",$78.00,$0.00,$78.00,$5.46,OHNCs5EnwYOrGLiFA5p2tzMF,6KfojFwgODLUhqgK4958kvMF,iPad,"",https://squareup.com/dashboard/sales/transactions/OHNCs5EnwYOrGLiFA5p2tzMF/by-unit/0WT1WCKZW65WD,Payment,Cedar Rapids,"",CQ92EBP40D3TRVK8S3D0ZRAG7R,Rita Fix,"",ea,2
04/04/19,11:11:55,Central Time (US & Canada),Fabric,1.0,4.0,Regular,"","",$50.00,$0.00,$50.00,$3.50,EeZXJYI79rFEHmgrSWAVdvMF,ynGOEGLjMJQ574cKi0oRexMF,iPad,"",https://squareup.com/dashboard/sales/transactions/EeZXJYI79rFEHmgrSWAVdvMF/by-unit/0WT1WCKZW65WD,Payment,Cedar Rapids,"",CQ92EBP40D3TRVK8S3D0ZRAG7R,Rita Fix,"",ea,4
04/04/19,11:11:55,Central Time (US & Canada),Fabric,1.0,2.0,Regular,"","",$25.00,$0.00,$25.00,$1.75,EeZXJYI79rFEHmgrSWAVdvMF,ynGOEGLjMJQ574cKi0oRexMF,iPad,"",https://squareup.com/dashboard/sales/transactions/EeZXJYI79rFEHmgrSWAVdvMF/by-unit/0WT1WCKZW65WD,Payment,Cedar Rapids,"",CQ92EBP40D3TRVK8S3D0ZRAG7R,Rita Fix,"",ea,2
04/04/19,11:11:55,Central Time (US & Canada),None,Custom Amount,1.0,"","","",$12.00,$0.00,$12.00,$0.84,EeZXJYI79rFEHmgrSWAVdvMF,ynGOEGLjMJQ574cKi0oRexMF,iPad,Apron pattern ,https://squareup.com/dashboard/sales/transactions/EeZXJYI79rFEHmgrSWAVdvMF/by-unit/0WT1WCKZW65WD,Payment,Cedar Rapids,"",CQ92EBP40D3TRVK8S3D0ZRAG7R,Rita Fix,"",ea,1
04/04/19,11:00:21,Central Time (US & Canada),Fabric,2 For 22,2.0,Regular Price,"","",$44.00,$0.00,$44.00,$3.08,0QMyXHTWX90mrldharijkxMF,404ZuoJEQPIRfmrujF8X8yMF,iPad,"",https://squareup.com/dashboard/sales/transactions/0QMyXHTWX90mrldharijkxMF/by-unit/0WT1WCKZW65WD,Payment,Cedar Rapids,"",CFAVQDZKQ1080P43A6YBKA9QTG,Karla Marshall,"",ea,2
04/03/19,16:50:15,Central Time (US & Canada),Embellishments,Sari Ribbon,1.0,Sari skein,SARI-EYEL,"",$19.99,$0.00,$19.99,$1.40,A4LLcr7rB1Vb0sJ6wgZLMxMF,wxcMJ5UbJ79wPmDjDLq24wMF,iPad,"",https://squareup.com/dashboard/sales/transactions/A4LLcr7rB1Vb0sJ6wgZLMxMF/by-unit/0WT1WCKZW65WD,Payment,Cedar Rapids,"",0VZH3T1R1H4TAN9N6VBF63XGAW,Danette Kremer,"",ea,1
04/03/19,11:03:44,Central Time (US & Canada),Fabric,Laminated Vinyl Oil Cotton Fabric Yardage,1.0,Regular,YRDG-LAMI,1 yd,$16.00,$0.00,$16.00,$1.12,Ob7s0xtXiPdS6fsVPCWagtMF,OVeDQcq54UPkPktsQwDo9tMF,iPad,"",https://squareup.com/dashboard/sales/transactions/Ob7s0xtXiPdS6fsVPCWagtMF/by-unit/0WT1WCKZW65WD,Payment,Cedar Rapids,"",2VNJVMV9JD02GYHAQ3K73YPW08,Marla Machula,"",ea,1
04/03/19,09:31:57,Central Time (US & Canada),None,Custom Amount,1.0,"","","",$10.00,$0.00,$10.00,$0.00,P0NFFqZKSKgHB7NP0i4CbjkeV,U2ai59Y61VPJIUiyn9Qd9vMF,"",Order #2496 from Frond Design Studios,https://squareup.com/dashboard/sales/transactions/P0NFFqZKSKgHB7NP0i4CbjkeV/by-unit/42TJQ2B36EQBG,Payment,Web,"",R1D2XZ37F96JGHX0G8EVB3PE8G,paulinerose23@comcast.net,"",ea,1
04/02/19,13:48:49,Central Time (US & Canada),None,Custom Amount,1.0,"","","",$77.00,$0.00,$77.00,$0.00,3AtFG14LQcyf6tVbgkMuam1eV,vWBWhUxBDyOZwOCpRkaLcxMF,iPad,"",https://squareup.com/dashboard/sales/transactions/3AtFG14LQcyf6tVbgkMuam1eV/by-unit/42TJQ2B36EQBG,Payment,Web,"",Y2JCQKKRPH2Q0V78BXGJZS858R,Mary Kauffman,"",ea,1
04/01/19,14:43:07,Central Time (US & Canada),Fabric,1.0,2.0,Regular,"","",$25.00,$0.00,$25.00,$1.75,IIVR6XsXWfbBQr1tGPf3duMF,D8fO7IJvPPSGPT25ePnintMF,iPad,"",https://squareup.com/dashboard/sales/transactions/IIVR6XsXWfbBQr1tGPf3duMF/by-unit/0WT1WCKZW65WD,Payment,Cedar Rapids,"",H6N67B98RS4KAS7HMSNRVRSB8M,Bethany Mochal,"",ea,2
04/01/19,11:16:09,Central Time (US & Canada),Fabric,1.0,1.0,Regular,"","",$12.50,$0.00,$12.50,$0.88,alxy6f2DradZAOvHHh5oFtMF,G523zbvLc71hQymDrN65S,iPad,"",https://squareup.com/dashboard/sales/transactions/alxy6f2DradZAOvHHh5oFtMF/by-unit/0WT1WCKZW65WD,Payment,Cedar Rapids,"","","","",ea,1
