Date,Time,Time Zone,Category,Item,Qty,Price Point Name,SKU,Modifiers Applied,Gross Sales,Discounts,Net Sales,Tax,Transaction ID,Payment ID,Device Name,Notes,Details,Event Type,Location,Dining Option,Customer ID,Customer Name,Customer Reference ID,Unit,Count
02/07/19,23:36:12,Central Time (US & Canada),None,Custom Amount,1.0,"","","",$25.50,$0.00,$25.50,$0.00,zII4oo08o8X9T4l1yLzMly8eV,7VJVw5J39tRCKZXNkp3v3xMF,"",Order #1933 from Frond Design Studios,https://squareup.com/dashboard/sales/transactions/zII4oo08o8X9T4l1yLzMly8eV/by-unit/42TJQ2B36EQBG,Payment,Web,"","","","",ea,1
02/07/19,21:02:22,Central Time (US & Canada),None,Custom Amount,1.0,"","","",$134.19,$0.00,$134.19,$0.00,pJXyEj0MM9mdHmYOgKpEMPqeV,ESgTlNVclTYrZamOPoZAnwMF,"",Order #1931 from Frond Design Studios,https://squareup.com/dashboard/sales/transactions/pJXyEj0MM9mdHmYOgKpEMPqeV/by-unit/42TJQ2B36EQBG,Payment,Web,"",XD4N5DNPT10TPMCSCV8F8TR39G,Georgianna Ely,"",ea,1
02/07/19,20:05:51,Central Time (US & Canada),None,Custom Amount,1.0,"","","",$27.00,$0.00,$27.00,$0.00,ljVewydgMyMI0B0av65HioweV,wfBegvVIbO4gLwBXzW6YVxMF,"",Order #1926 from Frond Design Studios,https://squareup.com/dashboard/sales/transactions/ljVewydgMyMI0B0av65HioweV/by-unit/42TJQ2B36EQBG,Payment,Web,"",GPHRVAVJ9X5PGTPBHJNVT3JTFG,Diane Burlingame,"",ea,1
02/07/19,19:19:48,Central Time (US & Canada),None,Custom Amount,1.0,"","","",$87.99,$0.00,$87.99,$0.00,VdM9UzNXIzUy47PcwxBrtxeeV,3lowMMIZXSMiuxeXQktApzMF,"",Order #1923 from Frond Design Studios,https://squareup.com/dashboard/sales/transactions/VdM9UzNXIzUy47PcwxBrtxeeV/by-unit/42TJQ2B36EQBG,Payment,Web,"","","","",ea,1
02/07/19,16:38:24,Central Time (US & Canada),None,Custom Amount,1.0,"","","",$111.99,$0.00,$111.99,$0.00,Pi6UnMS4Hd4ZjERsaqW6Kf7eV,Yj1rJ1EfBknje0w2QLrddyMF,"",Order #1907 from Frond Design Studios,https://squareup.com/dashboard/sales/transactions/Pi6UnMS4Hd4ZjERsaqW6Kf7eV/by-unit/42TJQ2B36EQBG,Payment,Web,"","","","",ea,1
02/07/19,16:12:39,Central Time (US & Canada),None,Custom Amount,1.0,"","","",$411.19,$0.00,$411.19,$0.00,zkIh8kjql5aimNnnVPf78gieV,KDhlkLPbfOJ6lpKRWJ0zFwMF,"",Order #1903 from Frond Design Studios,https://squareup.com/dashboard/sales/transactions/zkIh8kjql5aimNnnVPf78gieV/by-unit/42TJQ2B36EQBG,Payment,Web,"",B6VQYMZGG14E6GS8JACRAZ0HGR,"","",ea,1
02/07/19,15:52:00,Central Time (US & Canada),None,Custom Amount,1.0,"","","",$298.52,$0.00,$298.52,$0.00,P8bIKXWGFIjDgFsudXEbvbveV,AK1aCU8IyPY0LSFJiO6bDuMF,"",Order #1902 from Frond Design Studios,https://squareup.com/dashboard/sales/transactions/P8bIKXWGFIjDgFsudXEbvbveV/by-unit/42TJQ2B36EQBG,Payment,Web,"",X9EPX9VGC95P8XMJEFHCHKCCKC,"","",ea,1
02/07/19,14:52:20,Central Time (US & Canada),None,Custom Amount,1.0,"","","",$223.98,$0.00,$223.98,$0.00,ZLESoag9yZFfJalxsnpf7OmeV,901SlTOTqnICV5hyQnEVpxMF,"",Order #1897 from Frond Design Studios,https://squareup.com/dashboard/sales/transactions/ZLESoag9yZFfJalxsnpf7OmeV/by-unit/42TJQ2B36EQBG,Payment,Web,"",WPN2DVQJ7S1E0JQ0BV5JXA3ZA4,"","",ea,1
02/07/19,14:23:38,Central Time (US & Canada),None,Custom Amount,1.0,"","","",$78.42,$0.00,$78.42,$0.00,VdgXaEWhpBaeVMM3iM1Nd5xeV,0hwh8wrKKCNkTfNgvJuyixMF,"",Order #1894 from Frond Design Studios,https://squareup.com/dashboard/sales/transactions/VdgXaEWhpBaeVMM3iM1Nd5xeV/by-unit/42TJQ2B36EQBG,Payment,Web,"",Y5S0HY61ED33CRF9PT2QTZEVJ8,rhmiller@usi.edu,"",ea,1
02/07/19,13:37:00,Central Time (US & Canada),None,Custom Amount,1.0,"","","",$17.50,$0.00,$17.50,$0.00,TQS9jWjdC39zTgWitDs9eYteV,zIeFQH1RsyF9mjT7zPRpdwMF,"",Order #1891 from Frond Design Studios,https://squareup.com/dashboard/sales/transactions/TQS9jWjdC39zTgWitDs9eYteV/by-unit/42TJQ2B36EQBG,Payment,Web,"","","","",ea,1
02/07/19,13:33:40,Central Time (US & Canada),None,Custom Amount,1.0,"","","",$149.80,$0.00,$149.80,$0.00,LuRmA2gvgwFsoXiwRI7S4KleV,HKNWxOm3IXy6lxJB3lbxzzMF,"",Order #1890 from Frond Design Studios,https://squareup.com/dashboard/sales/transactions/LuRmA2gvgwFsoXiwRI7S4KleV/by-unit/42TJQ2B36EQBG,Payment,Web,"",48HYN8W91X50WVJP7X87XYB5JM,Debra Winter,"",ea,1
02/06/19,13:46:19,Central Time (US & Canada),Handmade,Key Fob,1.0,Regular,"","",$7.99,$0.00,$7.99,$0.56,iJDRhFbCLocTLG2RqOQxmyMF,6WvuVcsfZb1gATlT2zZTpvMF,iPad,"",https://squareup.com/dashboard/sales/transactions/iJDRhFbCLocTLG2RqOQxmyMF/by-unit/0WT1WCKZW65WD,Payment,Cedar Rapids,"",7SK65KDC4X6G6P5M3HCD59ESKM,Ashlin Pirkel,"",ea,1
02/06/19,13:46:19,Central Time (US & Canada),Jewelry Nature Findings by MMC,Earrings Small Findings,1.0,"","","",$12.00,$0.00,$12.00,$0.84,iJDRhFbCLocTLG2RqOQxmyMF,6WvuVcsfZb1gATlT2zZTpvMF,iPad,"",https://squareup.com/dashboard/sales/transactions/iJDRhFbCLocTLG2RqOQxmyMF/by-unit/0WT1WCKZW65WD,Payment,Cedar Rapids,"",7SK65KDC4X6G6P5M3HCD59ESKM,Ashlin Pirkel,"",ea,1
02/06/19,13:01:26,Central Time (US & Canada),Pattern,Rave Wave Pattern,1.0,Regular,"","",$12.00,$0.00,$12.00,$0.84,IqE8WCCs25Q3JVmvQt2b6sMF,bFLOJtOSFPqJVBSunm4jzuMF,iPad,"",https://squareup.com/dashboard/sales/transactions/IqE8WCCs25Q3JVmvQt2b6sMF/by-unit/0WT1WCKZW65WD,Payment,Cedar Rapids,"",HTQ1KW8V495TEHMQ7P9WD2QE3R,Kristin Torrey,"",ea,1
02/05/19,16:33:28,Central Time (US & Canada),None,Custom Amount,1.0,"","","",$69.99,$0.00,$69.99,$0.00,P6q2fKvxV5MM66qBHV7vVQpeV,lJJlJNp00vYemOhatAiAltMF,Stephanie Brandenburg,Stacked squares kit,https://squareup.com/dashboard/sales/transactions/P6q2fKvxV5MM66qBHV7vVQpeV/by-unit/39APN171F274W,Payment,Trade Shows,"",KFH3HYR90N48TZNFCTYWR4QT4W,"","",ea,1
02/05/19,16:33:28,Central Time (US & Canada),None,Custom Amount,1.0,"","","",$5.00,$0.00,$5.00,$0.00,P6q2fKvxV5MM66qBHV7vVQpeV,lJJlJNp00vYemOhatAiAltMF,Stephanie Brandenburg,Shipping out of state,https://squareup.com/dashboard/sales/transactions/P6q2fKvxV5MM66qBHV7vVQpeV/by-unit/39APN171F274W,Payment,Trade Shows,"",KFH3HYR90N48TZNFCTYWR4QT4W,"","",ea,1
02/05/19,14:32:45,Central Time (US & Canada),None,Custom Amount,1.0,"","","","$1,150.50",$0.00,"$1,150.50",$0.00,riT4fTSKLF1HvsDwEJhXjMkeV,T0SkDDPkRsNQunJAEVv4uvMF,Stephanie Brandenburg,"Wholesale order via phone fabric essentials 
Including shipping will send itemized list",https://squareup.com/dashboard/sales/transactions/riT4fTSKLF1HvsDwEJhXjMkeV/by-unit/39APN171F274W,Payment,Trade Shows,"",830DJSB0G93FPPYS47TBQW2NXC,"","",ea,1
02/04/19,12:36:33,Central Time (US & Canada),Notions,Wonderfil Mirage 30wt Thread,4.0,Regular,"","",$34.00,$0.00,$34.00,$2.38,eDzynIg3lrOzBeKNLJPFAvMF,cVRsVq7hjignN0ro6Jjs7yMF,iPad,"",https://squareup.com/dashboard/sales/transactions/eDzynIg3lrOzBeKNLJPFAvMF/by-unit/0WT1WCKZW65WD,Payment,Cedar Rapids,"",CRY113MQGX5D4JF9CPHK65DEB8,Kelli Wolfe,"",ea,4
02/04/19,12:36:33,Central Time (US & Canada),Notions,Thread Cutter Bohn,1.0,Regular,"","",$19.99,$0.00,$19.99,$1.40,eDzynIg3lrOzBeKNLJPFAvMF,cVRsVq7hjignN0ro6Jjs7yMF,iPad,"",https://squareup.com/dashboard/sales/transactions/eDzynIg3lrOzBeKNLJPFAvMF/by-unit/0WT1WCKZW65WD,Payment,Cedar Rapids,"",CRY113MQGX5D4JF9CPHK65DEB8,Kelli Wolfe,"",ea,1
02/04/19,12:36:33,Central Time (US & Canada),Notions,Clover Needle Threader,1.0,Regular,"","",$16.99,$0.00,$16.99,$1.19,eDzynIg3lrOzBeKNLJPFAvMF,cVRsVq7hjignN0ro6Jjs7yMF,iPad,"",https://squareup.com/dashboard/sales/transactions/eDzynIg3lrOzBeKNLJPFAvMF/by-unit/0WT1WCKZW65WD,Payment,Cedar Rapids,"",CRY113MQGX5D4JF9CPHK65DEB8,Kelli Wolfe,"",ea,1
02/04/19,12:10:24,Central Time (US & Canada),None,Custom Amount,2.0,"","","",$19.98,$0.00,$19.98,$1.40,izKIOQhZttqx4WKD0XRyDvMF,Q8DqDUazNKntS1d31Bm5S,iPad,Herb kits,https://squareup.com/dashboard/sales/transactions/izKIOQhZttqx4WKD0XRyDvMF/by-unit/0WT1WCKZW65WD,Payment,Cedar Rapids,"","","","",ea,2
02/04/19,12:10:24,Central Time (US & Canada),None,Custom Amount,1.0,"","","",$3.00,$0.00,$3.00,$0.21,izKIOQhZttqx4WKD0XRyDvMF,Q8DqDUazNKntS1d31Bm5S,iPad,"",https://squareup.com/dashboard/sales/transactions/izKIOQhZttqx4WKD0XRyDvMF/by-unit/0WT1WCKZW65WD,Payment,Cedar Rapids,"","","","",ea,1
02/03/19,15:59:39,Central Time (US & Canada),None,Custom Amount,1.0,"","","",$17.50,$0.00,$17.50,$0.00,DCvfEKjG4bxuPwJmEKugTjseV,PFrhiruk52mTO5xO6wAD2tMF,"",Order #1882 from Frond Design Studios,https://squareup.com/dashboard/sales/transactions/DCvfEKjG4bxuPwJmEKugTjseV/by-unit/42TJQ2B36EQBG,Payment,Web,"",HZMRK60J5D6WASMR8S74ZQ70XM,"","",ea,1
02/03/19,14:01:29,Central Time (US & Canada),Handmade,Luggage Tag,1.0,Regular,"","",$12.99,$0.00,$12.99,$0.91,0Kt8RiRXgx9doxYnqvGOssMF,IXHgBPSG3yfDDvS6nI41zyMF,iPad,"",https://squareup.com/dashboard/sales/transactions/0Kt8RiRXgx9doxYnqvGOssMF/by-unit/0WT1WCKZW65WD,Payment,Cedar Rapids,"",B3WM8P34AX5F0G42SDV78FWG2C,Levi Oort,"",ea,1
02/03/19,13:15:44,Central Time (US & Canada),Handmade,Pillow Sham,2.0,Other,"","",$59.98,$0.00,$59.98,$4.20,OtckI227G90ykMJsEnYdxwMF,8pBucVTjqZczZs9gnFxbvzMF,iPad,"",https://squareup.com/dashboard/sales/transactions/OtckI227G90ykMJsEnYdxwMF/by-unit/0WT1WCKZW65WD,Payment,Cedar Rapids,"",JVSMRRJ9TS0C6HXATGBJY9FRD8,Jamie Schmidt,"",ea,2
02/02/19,22:14:52,Central Time (US & Canada),None,Custom Amount,1.0,"","","",$10.00,$0.00,$10.00,$0.00,XUL9zdvrEcVMQTqY8nrjUmkeV,G1ZeQEVslxEtqcT4LM8wNxMF,"",Order #1881 from Frond Design Studios,https://squareup.com/dashboard/sales/transactions/XUL9zdvrEcVMQTqY8nrjUmkeV/by-unit/42TJQ2B36EQBG,Payment,Web,"",KT54VQDZ1H1A8PZ1W3X8QDY7GR,"","",ea,1
02/01/19,13:52:05,Central Time (US & Canada),Fabric,Wool Batting Hobbs Tuscany,2.0,1 yard,"","",$35.98,$0.00,$35.98,$2.52,U25Hx1579smLVOeyM3FDjyMF,XHNdCnmNJpXOxcqv4BzPasMF,iPad,"",https://squareup.com/dashboard/sales/transactions/U25Hx1579smLVOeyM3FDjyMF/by-unit/0WT1WCKZW65WD,Payment,Cedar Rapids,"",QEKP6NHQ0S5EJPFY5SGKTN34X4,Debra Dunek,"",ea,2
02/01/19,13:52:05,Central Time (US & Canada),Fabric,Wool Batting Hobbs Tuscany,1.0,1/2 yard,"","",$9.00,$0.00,$9.00,$0.63,U25Hx1579smLVOeyM3FDjyMF,XHNdCnmNJpXOxcqv4BzPasMF,iPad,"",https://squareup.com/dashboard/sales/transactions/U25Hx1579smLVOeyM3FDjyMF/by-unit/0WT1WCKZW65WD,Payment,Cedar Rapids,"",QEKP6NHQ0S5EJPFY5SGKTN34X4,Debra Dunek,"",ea,1
02/01/19,13:52:05,Central Time (US & Canada),Fabric,Cotton Fabric yardage,6.0,Regular,"",1 yd,$75.00,$0.00,$75.00,$5.25,U25Hx1579smLVOeyM3FDjyMF,XHNdCnmNJpXOxcqv4BzPasMF,iPad,"",https://squareup.com/dashboard/sales/transactions/U25Hx1579smLVOeyM3FDjyMF/by-unit/0WT1WCKZW65WD,Payment,Cedar Rapids,"",QEKP6NHQ0S5EJPFY5SGKTN34X4,Debra Dunek,"",ea,6
02/01/19,13:42:25,Central Time (US & Canada),Handmade,Zipper Bag,1.0,Wristlet/Sm,"","",$12.00,$0.00,$12.00,$0.84,GzxYGAJgkTPbhG0LSyWTduMF,XvPaRScb0vuHWvLxbArwYyMF,iPad,"",https://squareup.com/dashboard/sales/transactions/GzxYGAJgkTPbhG0LSyWTduMF/by-unit/0WT1WCKZW65WD,Payment,Cedar Rapids,"",5HND8JS5KH5CGG9GWQ4V4DQV9G,Janelle Mcclain,"",ea,1
