Date,Time,Time Zone,Category,Item,Qty,Price Point Name,SKU,Modifiers Applied,Gross Sales,Discounts,Net Sales,Tax,Transaction ID,Payment ID,Device Name,Notes,Details,Event Type,Location,Dining Option,Customer ID,Customer Name,Customer Reference ID,Unit,Count
01/23/20,14:01:23,Central Time (US & Canada),Fabric,Cotton Fabric,3.0,Regular,"",1 yd,$37.50,$0.00,$37.50,$2.62,4IRrzgX8qX51mKGuTB6GptMF,HHsfLX953lfnvW84vtgNz3kJuaB,iPad,"",https://squareup.com/dashboard/sales/transactions/4IRrzgX8qX51mKGuTB6GptMF/by-unit/0WT1WCKZW65WD,Payment,Cedar Rapids,"",RGJPJRA4PS0S9FPBCBPX9ZP3KC,"","",ea,3
01/23/20,13:51:38,Central Time (US & Canada),None,Custom Amount,1.0,"","","",$33.00,$0.00,$33.00,$2.56,9LB98uwuYbOS0BjuxwQdnEpeV,bwk1c7gaHJGpme7vZ56GLQB,Stephanie Brandenburg,"",https://squareup.com/dashboard/sales/transactions/9LB98uwuYbOS0BjuxwQdnEpeV/by-unit/39APN171F274W,Payment,Trade Shows,"","","","",ea,1
01/23/20,13:45:44,Central Time (US & Canada),None,Custom Amount,1.0,"","","",$33.00,$0.00,$33.00,$2.56,RJ9M7cWzGylR4045iz0F9gveV,pVvhJef7I0ZhgpDyPCk6JQB,Stephanie Brandenburg,"",https://squareup.com/dashboard/sales/transactions/RJ9M7cWzGylR4045iz0F9gveV/by-unit/39APN171F274W,Payment,Trade Shows,"","","","",ea,1
01/23/20,13:42:35,Central Time (US & Canada),None,Custom Amount,1.0,"","","",$9.99,$0.00,$9.99,$0.77,JLWZCFvnNMPbajgPOOADjK5eV,BOzUTSwZnd8SdyHH8KM9O4KAvaB,Stephanie Brandenburg,"",https://squareup.com/dashboard/sales/transactions/JLWZCFvnNMPbajgPOOADjK5eV/by-unit/39APN171F274W,Payment,Trade Shows,"",E0E4DKWASD5NSDGKN37V3Z9Z8G,Cari Roehmann,"",ea,1
01/23/20,13:42:35,Central Time (US & Canada),None,Custom Amount,1.0,"","","",$49.68,$0.00,$49.68,$3.85,JLWZCFvnNMPbajgPOOADjK5eV,BOzUTSwZnd8SdyHH8KM9O4KAvaB,Stephanie Brandenburg,"",https://squareup.com/dashboard/sales/transactions/JLWZCFvnNMPbajgPOOADjK5eV/by-unit/39APN171F274W,Payment,Trade Shows,"",E0E4DKWASD5NSDGKN37V3Z9Z8G,Cari Roehmann,"",ea,1
01/23/20,13:42:35,Central Time (US & Canada),None,Cosmo Pattern ,1.0,Regular,"","",$18.00,$0.00,$18.00,$0.00,JLWZCFvnNMPbajgPOOADjK5eV,BOzUTSwZnd8SdyHH8KM9O4KAvaB,Stephanie Brandenburg,"",https://squareup.com/dashboard/sales/transactions/JLWZCFvnNMPbajgPOOADjK5eV/by-unit/39APN171F274W,Payment,Trade Shows,"",E0E4DKWASD5NSDGKN37V3Z9Z8G,Cari Roehmann,"",ea,1
01/23/20,13:39:37,Central Time (US & Canada),None,Custom Amount,1.0,"","","",$33.00,$0.00,$33.00,$2.56,zGxPbHRWMExVRrQUy7zUpvjeV,xYEWaqdMRbhGsRTTHzPdMaWVuaB,Stephanie Brandenburg,"",https://squareup.com/dashboard/sales/transactions/zGxPbHRWMExVRrQUy7zUpvjeV/by-unit/39APN171F274W,Payment,Trade Shows,"",2RC0EQMQ793CF6SJAHN33D344W,Susan Clayton,"",ea,1
01/23/20,13:39:37,Central Time (US & Canada),Fabric,Cherrywood Fat,3.0,Regular,"","",$14.97,$0.00,$14.97,$1.16,zGxPbHRWMExVRrQUy7zUpvjeV,xYEWaqdMRbhGsRTTHzPdMaWVuaB,Stephanie Brandenburg,"",https://squareup.com/dashboard/sales/transactions/zGxPbHRWMExVRrQUy7zUpvjeV/by-unit/39APN171F274W,Payment,Trade Shows,"",2RC0EQMQ793CF6SJAHN33D344W,Susan Clayton,"",ea,3
01/23/20,13:39:37,Central Time (US & Canada),None,Custom Amount,1.0,"","","",$24.99,$0.00,$24.99,$1.94,zGxPbHRWMExVRrQUy7zUpvjeV,xYEWaqdMRbhGsRTTHzPdMaWVuaB,Stephanie Brandenburg,"",https://squareup.com/dashboard/sales/transactions/zGxPbHRWMExVRrQUy7zUpvjeV/by-unit/39APN171F274W,Payment,Trade Shows,"",2RC0EQMQ793CF6SJAHN33D344W,Susan Clayton,"",ea,1
01/23/20,13:39:37,Central Time (US & Canada),None,Cosmo Pattern ,1.0,Regular,"","",$18.00,$0.00,$18.00,$0.00,zGxPbHRWMExVRrQUy7zUpvjeV,xYEWaqdMRbhGsRTTHzPdMaWVuaB,Stephanie Brandenburg,"",https://squareup.com/dashboard/sales/transactions/zGxPbHRWMExVRrQUy7zUpvjeV/by-unit/39APN171F274W,Payment,Trade Shows,"",2RC0EQMQ793CF6SJAHN33D344W,Susan Clayton,"",ea,1
01/23/20,13:39:37,Central Time (US & Canada),None,Crown Jewels Kit,1.0,Regular,"","",$99.99,$0.00,$99.99,$7.74,zGxPbHRWMExVRrQUy7zUpvjeV,xYEWaqdMRbhGsRTTHzPdMaWVuaB,Stephanie Brandenburg,"",https://squareup.com/dashboard/sales/transactions/zGxPbHRWMExVRrQUy7zUpvjeV/by-unit/39APN171F274W,Payment,Trade Shows,"",2RC0EQMQ793CF6SJAHN33D344W,Susan Clayton,"",ea,1
01/22/20,15:47:56,Central Time (US & Canada),None,Custom Amount,1.0,"","","","$1,535.00",$0.00,"$1,535.00",$0.00,bwWaUAI1ICHcosPRRFdsKBjeV,l0JIszafFuliscGqGCmbHvynvaB,Stephanie Brandenburg,"",https://squareup.com/dashboard/sales/transactions/bwWaUAI1ICHcosPRRFdsKBjeV/by-unit/39APN171F274W,Payment,Trade Shows,"",FF90RF9XKX2JGRGV193HXDC4BW,"","",ea,1
01/20/20,16:44:21,Central Time (US & Canada),None,Custom Amount,1.0,"","","",$15.50,$0.00,$15.50,$0.00,s0OlPiE1lJ3Fw1n6ZwWbo181sQEZY,1G8LqDGa07eF8pNat27ewadhgOZZY,"",Online Transaction,https://squareup.com/dashboard/sales/transactions/s0OlPiE1lJ3Fw1n6ZwWbo181sQEZY/by-unit/42TJQ2B36EQBG,Payment,Web,"",R376GPS3TS26Z5HVQ8RDPACDWC,"","",ea,1
01/20/20,12:43:54,Central Time (US & Canada),None,Custom Amount,1.0,"","","",$457.80,$0.00,$457.80,$0.00,GJ02r4AgOnxQbGI4cQGU23hhHdfZY,hsALb5mLwtNtIf2nROIdfjdJpoHZY,"",Wholesale Order,https://squareup.com/dashboard/sales/transactions/GJ02r4AgOnxQbGI4cQGU23hhHdfZY/by-unit/42TJQ2B36EQBG,Payment,Web,"",42H7QY27J54ZJVP5JFT7MWZXW8,Camokai Llc,"",ea,1
01/20/20,12:16:07,Central Time (US & Canada),None,Custom Amount,1.0,"","","",$328.98,$0.00,$328.98,$0.00,xd9tEcaclhATzhT70gf5UC3eV,VkHHLF3nZF51odVtqPuu3GRluaB,"",Order #3256 from Frond Design Studios,https://squareup.com/dashboard/sales/transactions/xd9tEcaclhATzhT70gf5UC3eV/by-unit/42TJQ2B36EQBG,Payment,Web,"",QCW1YMGHR54XF40H9PNV3MYPK0,"","",ea,1
01/20/20,08:54:50,Central Time (US & Canada),None,Custom Amount,1.0,"","","",$129.99,$0.00,$129.99,$0.00,jcsF1UZx0ANVKK26dC8nOUreV,5EaVZMOdxueFuqwt7hdSzvTJvaB,"",Order #3255 from Frond Design Studios,https://squareup.com/dashboard/sales/transactions/jcsF1UZx0ANVKK26dC8nOUreV/by-unit/42TJQ2B36EQBG,Payment,Web,"",64WZCM5TFD1M2J4PSQS8AF96P4,Beth Lucan,"",ea,1
01/19/20,13:58:29,Central Time (US & Canada),None,Custom Amount,1.0,"","","",$80.00,$0.00,$80.00,$0.00,MyPwSMQZBmKdQgGN2DxryuMF,rfVgKVqJOS3v0m6BMk0jjWNLuaB,Stephanie Brandenburg,"",https://squareup.com/dashboard/sales/transactions/MyPwSMQZBmKdQgGN2DxryuMF/by-unit/0WT1WCKZW65WD,Payment,Cedar Rapids,"",KZBC00PZ9H50N3WZM5BQBTRAPG,Melissa Henderson,"",ea,1
01/19/20,13:58:29,Central Time (US & Canada),None,Custom Amount,1.0,"","","",$20.00,$0.00,$20.00,$0.00,MyPwSMQZBmKdQgGN2DxryuMF,rfVgKVqJOS3v0m6BMk0jjWNLuaB,Stephanie Brandenburg,"",https://squareup.com/dashboard/sales/transactions/MyPwSMQZBmKdQgGN2DxryuMF/by-unit/0WT1WCKZW65WD,Payment,Cedar Rapids,"",KZBC00PZ9H50N3WZM5BQBTRAPG,Melissa Henderson,"",ea,1
01/19/20,13:58:29,Central Time (US & Canada),None,Custom Amount,1.0,"","","",$7.00,$0.00,$7.00,$0.00,MyPwSMQZBmKdQgGN2DxryuMF,rfVgKVqJOS3v0m6BMk0jjWNLuaB,Stephanie Brandenburg,"",https://squareup.com/dashboard/sales/transactions/MyPwSMQZBmKdQgGN2DxryuMF/by-unit/0WT1WCKZW65WD,Payment,Cedar Rapids,"",KZBC00PZ9H50N3WZM5BQBTRAPG,Melissa Henderson,"",ea,1
01/19/20,10:55:07,Central Time (US & Canada),None,Custom Amount,1.0,"","","",$40.00,$0.00,$40.00,$0.00,Wp0EJEFoG1HPxASj8pEsgzMF,zFSaC4G51E0a3NRLDjdxH1KbvaB,Stephanie Brandenburg,"",https://squareup.com/dashboard/sales/transactions/Wp0EJEFoG1HPxASj8pEsgzMF/by-unit/0WT1WCKZW65WD,Payment,Cedar Rapids,"",BZQF4MJQD50511KBNQZ438XG5W,Galen Crozier,"",ea,1
01/19/20,10:50:24,Central Time (US & Canada),None,Custom Amount,1.0,"","","",$75.00,$0.00,$75.00,$0.00,424BG0Yywg8tyO75qcX7QsMF,37MKUZ2uZXdOcmhmJ3nAiK3muaB,Stephanie Brandenburg,"",https://squareup.com/dashboard/sales/transactions/424BG0Yywg8tyO75qcX7QsMF/by-unit/0WT1WCKZW65WD,Payment,Cedar Rapids,"",1PD86XGFCH50XC1Y1QKRAJ3RE0,Pam Dresser,"",ea,1
01/18/20,14:41:58,Central Time (US & Canada),None,Custom Amount,1.0,"","","",$68.50,$0.00,$68.50,$0.00,nau1qHToEa1dnYbhxOgqPgkeV,Hr8IS0nZZCXLUcTrm6608NB6uaB,"",Order #3254 from Frond Design Studios,https://squareup.com/dashboard/sales/transactions/nau1qHToEa1dnYbhxOgqPgkeV/by-unit/42TJQ2B36EQBG,Payment,Web,"","","","",ea,1
01/17/20,17:23:44,Central Time (US & Canada),None,Custom Amount,1.0,"","","",$23.98,$0.00,$23.98,$0.00,HeCSGBQ0GjSAXJ31NCShQmoeV,nRdvupAcv3UySXTNPDSFWRPivaB,"",Order #3253 from Frond Design Studios,https://squareup.com/dashboard/sales/transactions/HeCSGBQ0GjSAXJ31NCShQmoeV/by-unit/42TJQ2B36EQBG,Payment,Web,"","","","",ea,1
01/17/20,17:16:44,Central Time (US & Canada),None,Custom Amount,1.0,"","","",$18.50,$0.00,$18.50,$0.00,FBOjMlM39NbQcHEgqqbUBwmeV,RSXBMQaUqFVTuXC67dxfInWfuaB,"",Order #3252 from Frond Design Studios,https://squareup.com/dashboard/sales/transactions/FBOjMlM39NbQcHEgqqbUBwmeV/by-unit/42TJQ2B36EQBG,Payment,Web,"",673NQZM9JD5YB4ZKHP51DRPA4M,"","",ea,1
01/16/20,20:48:25,Central Time (US & Canada),None,Custom Amount,1.0,"","","",$113.96,$0.00,$113.96,$0.00,bUoUdGePbiwwdeBD2486XQjeV,Na60on3qMxRYzZY1e6m6WjrpuaB,"",Order #3251 from Frond Design Studios,https://squareup.com/dashboard/sales/transactions/bUoUdGePbiwwdeBD2486XQjeV/by-unit/42TJQ2B36EQBG,Payment,Web,"",SYVRCS4DW559SFS8Z3ZX6DAM4G,"","",ea,1
01/16/20,13:30:54,Central Time (US & Canada),None,Custom Amount,1.0,"","","",$12.50,$0.00,$12.50,$0.88,O5oLsPC7pIcTCjiZDT4bUvMF,bl2Jiay4SSZczgxcW0jBLLkEvaB,Stephanie Brandenburg,"",https://squareup.com/dashboard/sales/transactions/O5oLsPC7pIcTCjiZDT4bUvMF/by-unit/0WT1WCKZW65WD,Payment,Cedar Rapids,"",BAP8MBYAV542AJRDFK6R3B5QGM,Carrie Ball,"",ea,1
01/16/20,13:30:54,Central Time (US & Canada),None,Custom Amount,1.0,"","","",$12.50,$0.00,$12.50,$0.87,O5oLsPC7pIcTCjiZDT4bUvMF,bl2Jiay4SSZczgxcW0jBLLkEvaB,Stephanie Brandenburg,"",https://squareup.com/dashboard/sales/transactions/O5oLsPC7pIcTCjiZDT4bUvMF/by-unit/0WT1WCKZW65WD,Payment,Cedar Rapids,"",BAP8MBYAV542AJRDFK6R3B5QGM,Carrie Ball,"",ea,1
01/16/20,13:30:54,Central Time (US & Canada),Pattern,Indygo Asymmetrical Top & Tunic,1.0,Regular,"","",$18.99,$0.00,$18.99,$1.33,O5oLsPC7pIcTCjiZDT4bUvMF,bl2Jiay4SSZczgxcW0jBLLkEvaB,Stephanie Brandenburg,"",https://squareup.com/dashboard/sales/transactions/O5oLsPC7pIcTCjiZDT4bUvMF/by-unit/0WT1WCKZW65WD,Payment,Cedar Rapids,"",BAP8MBYAV542AJRDFK6R3B5QGM,Carrie Ball,"",ea,1
01/16/20,13:28:40,Central Time (US & Canada),None,Custom Amount,1.0,"","","",$12.50,$0.00,$12.50,$0.88,u1mZF31bTdKH4KnDReV5XvMF,tOKl9hLOnPe7VoNqdCfdAeh4uaB,Stephanie Brandenburg,"",https://squareup.com/dashboard/sales/transactions/u1mZF31bTdKH4KnDReV5XvMF/by-unit/0WT1WCKZW65WD,Payment,Cedar Rapids,"",CXKH3BKAZD0G1FFQCSN92GMT80,Julie Montgomery,"",ea,1
01/16/20,13:28:40,Central Time (US & Canada),None,Custom Amount,1.0,"","","",$12.50,$0.00,$12.50,$0.87,u1mZF31bTdKH4KnDReV5XvMF,tOKl9hLOnPe7VoNqdCfdAeh4uaB,Stephanie Brandenburg,"",https://squareup.com/dashboard/sales/transactions/u1mZF31bTdKH4KnDReV5XvMF/by-unit/0WT1WCKZW65WD,Payment,Cedar Rapids,"",CXKH3BKAZD0G1FFQCSN92GMT80,Julie Montgomery,"",ea,1
01/16/20,12:12:23,Central Time (US & Canada),None,Custom Amount,1.0,"","","",$33.00,$0.00,$33.00,$2.31,y5Fe0Te1wiqDp10tnz6OxtMF,Z6JHv4SvzBZpQiCwVCc9OT6EuaB,Stephanie Brandenburg,"",https://squareup.com/dashboard/sales/transactions/y5Fe0Te1wiqDp10tnz6OxtMF/by-unit/0WT1WCKZW65WD,Payment,Cedar Rapids,"",ZH678PPSEX2PMQHKRAE7C9BXF8,Barbara Anderson,"",ea,1
01/15/20,18:13:33,Central Time (US & Canada),None,Superpac special,1.0,"","","",$159.00,$-11.13,$147.87,$10.35,wWY2JWudtlziDBe4gPkMuxMF,0kQCFcARTVlsz8cypNI5GvMF,"","",https://squareup.com/dashboard/sales/transactions/wWY2JWudtlziDBe4gPkMuxMF/by-unit/0WT1WCKZW65WD,Payment,Cedar Rapids,"",6FY7XJ1EVS1XBC9AKR5MS0R6XW,Cathy Jorgenson,"",ea,1
01/14/20,14:10:23,Central Time (US & Canada),Fabric,2 For 22,2.0,Regular Price,"","",$44.00,$0.00,$44.00,$0.00,eHHlepkNAOegpLMOXJoqstMF,Ab6rG5cUzrnHPyc2wkhRXzMF,Stephanie Brandenburg,"",https://squareup.com/dashboard/sales/transactions/eHHlepkNAOegpLMOXJoqstMF/by-unit/0WT1WCKZW65WD,Payment,Cedar Rapids,"",0SMJZQBG1N6W9F8ZX7QD21VEZ8,Sammie Preble,"",ea,2
01/14/20,14:10:23,Central Time (US & Canada),None,Custom Amount,1.0,"","","",$5.50,$0.00,$5.50,$0.00,eHHlepkNAOegpLMOXJoqstMF,Ab6rG5cUzrnHPyc2wkhRXzMF,Stephanie Brandenburg,"",https://squareup.com/dashboard/sales/transactions/eHHlepkNAOegpLMOXJoqstMF/by-unit/0WT1WCKZW65WD,Payment,Cedar Rapids,"",0SMJZQBG1N6W9F8ZX7QD21VEZ8,Sammie Preble,"",ea,1
01/14/20,14:10:23,Central Time (US & Canada),None,Custom Amount,1.0,"","","",$6.00,$0.00,$6.00,$0.00,eHHlepkNAOegpLMOXJoqstMF,Ab6rG5cUzrnHPyc2wkhRXzMF,Stephanie Brandenburg,Shipping,https://squareup.com/dashboard/sales/transactions/eHHlepkNAOegpLMOXJoqstMF/by-unit/0WT1WCKZW65WD,Payment,Cedar Rapids,"",0SMJZQBG1N6W9F8ZX7QD21VEZ8,Sammie Preble,"",ea,1
01/14/20,12:51:12,Central Time (US & Canada),None,fabric,2.0,"","","",$25.00,$0.00,$25.00,$1.75,0IOtrtaPktlFFnkNku4aSwMF,cE4uwcMCAwztz7OudsmxOwMF,"","",https://squareup.com/dashboard/sales/transactions/0IOtrtaPktlFFnkNku4aSwMF/by-unit/0WT1WCKZW65WD,Payment,Cedar Rapids,"",1CF2NZ6VM12C38NHFNZ4ED5KJ8,Lindsey Owens,"",ea,2
01/14/20,12:51:12,Central Time (US & Canada),None,shipping,1.0,"","","",$5.00,$0.00,$5.00,$0.35,0IOtrtaPktlFFnkNku4aSwMF,cE4uwcMCAwztz7OudsmxOwMF,"","",https://squareup.com/dashboard/sales/transactions/0IOtrtaPktlFFnkNku4aSwMF/by-unit/0WT1WCKZW65WD,Payment,Cedar Rapids,"",1CF2NZ6VM12C38NHFNZ4ED5KJ8,Lindsey Owens,"",ea,1
01/11/20,12:33:23,Central Time (US & Canada),None,Custom Amount,1.0,"","","",$159.00,$0.00,$159.00,$0.00,JVR8yvFq1uvggQ3kUGKcwH9eV,ZLgu8R3sl5tzeKCfd7Sr7vMF,"",Order #3246 from Frond Design Studios,https://squareup.com/dashboard/sales/transactions/JVR8yvFq1uvggQ3kUGKcwH9eV/by-unit/42TJQ2B36EQBG,Payment,Web,"","","","",ea,1
01/11/20,11:53:58,Central Time (US & Canada),None,Custom Amount,1.0,"","","",$209.00,$0.00,$209.00,$0.00,lHxHmq6iY0cVM3NXaFcdp6veV,FnByvBBL2cvhGYgJPR4OfsMF,"",Order #3245 from Frond Design Studios,https://squareup.com/dashboard/sales/transactions/lHxHmq6iY0cVM3NXaFcdp6veV/by-unit/42TJQ2B36EQBG,Payment,Web,"",T5Z13YSGP914535JEQZ5ZNRYW4,"","",ea,1
01/08/20,16:19:38,Central Time (US & Canada),Fabric,2 For 22,1.0,Regular Price,"","",$22.00,$0.00,$22.00,$1.82,GLrJVl9437ucWcy9ys7tqsMF,o4VlELT9EKk2Lb2XAHw5S,Stephanie Brandenburg,"",https://squareup.com/dashboard/sales/transactions/GLrJVl9437ucWcy9ys7tqsMF/by-unit/0WT1WCKZW65WD,Payment,Cedar Rapids,"","","","",ea,1
01/08/20,13:04:13,Central Time (US & Canada),Fabric,2 For 22,10.0,Regular Price,"","",$220.00,$0.00,$220.00,$18.15,o2MTJVpmF0u57tirZODKWvMF,IUYgfvFdvLGD9bdIFyJN4zMF,Stephanie Brandenburg,"Martelli left handed 60m 
Zelda Dehoedt 
319.393.8257
Also look for Pearl bundle 
zdhoot@yahoo.com

",https://squareup.com/dashboard/sales/transactions/o2MTJVpmF0u57tirZODKWvMF/by-unit/0WT1WCKZW65WD,Payment,Cedar Rapids,"",5QY8JD5SGX0WF31ND1HBE7KGH4,Zelda Dehoedt,"",ea,10
01/08/20,13:04:13,Central Time (US & Canada),Fabric,1 yd - 2 for 22,1.0,Regular,"","",$11.00,$0.00,$11.00,$0.91,o2MTJVpmF0u57tirZODKWvMF,IUYgfvFdvLGD9bdIFyJN4zMF,Stephanie Brandenburg,"",https://squareup.com/dashboard/sales/transactions/o2MTJVpmF0u57tirZODKWvMF/by-unit/0WT1WCKZW65WD,Payment,Cedar Rapids,"",5QY8JD5SGX0WF31ND1HBE7KGH4,Zelda Dehoedt,"",ea,1
01/07/20,17:54:40,Central Time (US & Canada),None,Custom Amount,1.0,"","","","$2,000.00",$0.00,"$2,000.00",$0.00,6RlJ2iLrzpgNjeOLC2Fc6sMF,qyEZepPEn05g3IxN4Unq8xMF,Stephanie Brandenburg,"",https://squareup.com/dashboard/sales/transactions/6RlJ2iLrzpgNjeOLC2Fc6sMF/by-unit/0WT1WCKZW65WD,Payment,Cedar Rapids,"",SGVXFY84NN39S0JAHEFY538JM8,charlotte@swanhavenfabricsandplants.com,"",ea,1
01/07/20,09:23:32,Central Time (US & Canada),None,Custom Amount,1.0,"","","",$31.00,$0.00,$31.00,$0.00,ju9Nf0N170vAr7OgafJ8QpseV,wLgR1ShI9OJTmJag7QhohvMF,"",Order #3240 from Frond Design Studios,https://squareup.com/dashboard/sales/transactions/ju9Nf0N170vAr7OgafJ8QpseV/by-unit/42TJQ2B36EQBG,Payment,Web,"","","","",ea,1
01/06/20,14:51:21,Central Time (US & Canada),Fabric,2 For 22,2.0,Regular Price,"","",$44.00,$0.00,$44.00,$3.63,uRKwNamqhkzflARpoJcZOvMF,"fffmLHPgfiPMkbTPADjVyxMF, fuV2PaAVeSDh0VnN4VtKIxMF, IM4XHmdwP3RBH40vetZVmuMF",Stephanie Brandenburg,"",https://squareup.com/dashboard/sales/transactions/uRKwNamqhkzflARpoJcZOvMF/by-unit/0WT1WCKZW65WD,Payment,Cedar Rapids,"",", 1DS1MDH20N58B1R0GCKAE11ANR, ",", Judy Dunn, ",", , ",ea,2
01/06/20,14:51:21,Central Time (US & Canada),None,Custom Amount,1.0,"","","",$52.00,$0.00,$52.00,$4.29,uRKwNamqhkzflARpoJcZOvMF,"fffmLHPgfiPMkbTPADjVyxMF, fuV2PaAVeSDh0VnN4VtKIxMF, IM4XHmdwP3RBH40vetZVmuMF",Stephanie Brandenburg,"",https://squareup.com/dashboard/sales/transactions/uRKwNamqhkzflARpoJcZOvMF/by-unit/0WT1WCKZW65WD,Payment,Cedar Rapids,"",", 1DS1MDH20N58B1R0GCKAE11ANR, ",", Judy Dunn, ",", , ",ea,1
01/03/20,17:37:57,Central Time (US & Canada),None,Custom Amount,1.0,"","","",$45.99,$0.00,$45.99,$0.00,bEESreI5eY3yg2ENYVKDU5oeV,OLr0dc4igXAavpZjQFrBtsMF,"",Order #3234 from Frond Design Studios,https://squareup.com/dashboard/sales/transactions/bEESreI5eY3yg2ENYVKDU5oeV/by-unit/42TJQ2B36EQBG,Payment,Web,"","","","",ea,1
01/03/20,16:45:32,Central Time (US & Canada),None,Custom Amount,1.0,"","","",$18.50,$0.00,$18.50,$0.00,9d42bDVCNLyBI8k7oBt1TGweV,xnWAKu20ktft5F8e7MkgauMF,"",Order #3233 from Frond Design Studios,https://squareup.com/dashboard/sales/transactions/9d42bDVCNLyBI8k7oBt1TGweV/by-unit/42TJQ2B36EQBG,Payment,Web,"","","","",ea,1
01/02/20,12:36:28,Central Time (US & Canada),Fabric,Cotton Fabric,4.0,Regular,"",1 yd,$50.00,$0.00,$50.00,$4.12,AaMrcrEZtSQpw4udWXPHZvMF,R2rCBvGkEHRnjOclIjFUmxMF,Stephanie Brandenburg,"",https://squareup.com/dashboard/sales/transactions/AaMrcrEZtSQpw4udWXPHZvMF/by-unit/0WT1WCKZW65WD,Payment,Cedar Rapids,"",8AMPATDDQ12SERSRMWE4DF35YG,Kimberly Nelson,"",ea,4
01/02/20,12:09:54,Central Time (US & Canada),Fabric,Cotton Panel,1.0,Double,"","",$18.00,$0.00,$18.00,$1.49,cGZG6N5OQswF5DlPVPDrSsMF,5IsH2v2bTUEruahWmiFRsuMF,Stephanie Brandenburg,"",https://squareup.com/dashboard/sales/transactions/cGZG6N5OQswF5DlPVPDrSsMF/by-unit/0WT1WCKZW65WD,Payment,Cedar Rapids,"",ZH678PPSEX2PMQHKRAE7C9BXF8,Barbara Anderson,"",ea,1
01/02/20,12:09:54,Central Time (US & Canada),Fabric,Cotton Fabric,3.0,Regular,"",1 yd,$37.50,$0.00,$37.50,$3.09,cGZG6N5OQswF5DlPVPDrSsMF,5IsH2v2bTUEruahWmiFRsuMF,Stephanie Brandenburg,"",https://squareup.com/dashboard/sales/transactions/cGZG6N5OQswF5DlPVPDrSsMF/by-unit/0WT1WCKZW65WD,Payment,Cedar Rapids,"",ZH678PPSEX2PMQHKRAE7C9BXF8,Barbara Anderson,"",ea,3
01/01/20,13:58:59,Central Time (US & Canada),Fabric,Cotton Fabric,2.0,Regular,"",1 yd,$25.00,$0.00,$25.00,$2.06,eXL3SKKVmo5cPAXncnAC8tMF,sUoKHsVLYplCSw5Gg0bwgzMF,Stephanie Brandenburg,"",https://squareup.com/dashboard/sales/transactions/eXL3SKKVmo5cPAXncnAC8tMF/by-unit/0WT1WCKZW65WD,Payment,Cedar Rapids,"",FCBEQKWPS12SF4TJH2S8PJXF8W,Rita Riskedahl,"",ea,2
01/01/20,12:16:35,Central Time (US & Canada),None,Custom Amount,1.0,"","","",$11.00,$0.00,$11.00,$0.91,8mtelUi5w3P2A8IBGRKECzMF,j5rv4oziHeX1RQUYKGtHjvMF,Stephanie Brandenburg,"",https://squareup.com/dashboard/sales/transactions/8mtelUi5w3P2A8IBGRKECzMF/by-unit/0WT1WCKZW65WD,Payment,Cedar Rapids,"",D9V29BZ12H5S2W3RTGXVEWM7RR,Linda Kappler,"",ea,1
