Date,Time,Time Zone,Category,Item,Qty,Price Point Name,SKU,Modifiers Applied,Gross Sales,Discounts,Net Sales,Tax,Transaction ID,Payment ID,Device Name,Notes,Details,Event Type,Location,Dining Option,Customer ID,Customer Name,Customer Reference ID,Unit,Count
01/12/19,07:30:30,Central Time (US & Canada),None,Custom Amount,1.0,"","","",$37.50,$0.00,$37.50,$0.00,rqFPNkPSmn8NLVcXPMPceTpeV,hyZ6iXzPqX5VrntQ0MzdHvMF,"",Order #1835 from Frond Design Studios,https://squareup.com/dashboard/sales/transactions/rqFPNkPSmn8NLVcXPMPceTpeV/by-unit/42TJQ2B36EQBG,Payment,Web,"",K43SFYYZGN3A2RTKQ181R67CHC,"","",ea,1
01/11/19,16:57:45,Central Time (US & Canada),Classes,Other Class - ADD NOTE,1.0,Regular,"","",$60.00,$0.00,$60.00,$4.20,AobplxYGmD1uJdIQfY2CeuMF,"SXChamuy3cLQ39zzges5S, hP9KkhOmOll3U6iRCUss7tMF",iPad,"",https://squareup.com/dashboard/sales/transactions/AobplxYGmD1uJdIQfY2CeuMF/by-unit/0WT1WCKZW65WD,Payment,Cedar Rapids,"",", 861V8Y7R254M2Z1EE2KQWBRR94",", Jean Mcelree",", ",ea,1
01/11/19,16:57:45,Central Time (US & Canada),Martelli ,Rotary Cutter 45mm Right H,1.0,Regular,"","",$24.99,$-12.50,$12.49,$0.87,AobplxYGmD1uJdIQfY2CeuMF,"SXChamuy3cLQ39zzges5S, hP9KkhOmOll3U6iRCUss7tMF",iPad,"",https://squareup.com/dashboard/sales/transactions/AobplxYGmD1uJdIQfY2CeuMF/by-unit/0WT1WCKZW65WD,Payment,Cedar Rapids,"",", 861V8Y7R254M2Z1EE2KQWBRR94",", Jean Mcelree",", ",ea,1
01/11/19,15:38:14,Central Time (US & Canada),Notions,Needles - Tulip,1.0,Regular,"","",$8.50,$0.00,$8.50,$0.59,6pdPozHIoGVrHO3c5JH7itMF,Xq6toNhjiquI2NZjBgTwGyMF,iPad,"",https://squareup.com/dashboard/sales/transactions/6pdPozHIoGVrHO3c5JH7itMF/by-unit/0WT1WCKZW65WD,Payment,Cedar Rapids,"",5T9TKKFQ9N7R6ZVK4FW0ZGJNJC,Brenda Salat,"",ea,1
01/11/19,15:38:14,Central Time (US & Canada),Notions,Valdani Hand Sewing 12 Wt Thread,1.0,Each,"","",$5.99,$0.00,$5.99,$0.42,6pdPozHIoGVrHO3c5JH7itMF,Xq6toNhjiquI2NZjBgTwGyMF,iPad,"",https://squareup.com/dashboard/sales/transactions/6pdPozHIoGVrHO3c5JH7itMF/by-unit/0WT1WCKZW65WD,Payment,Cedar Rapids,"",5T9TKKFQ9N7R6ZVK4FW0ZGJNJC,Brenda Salat,"",ea,1
01/10/19,16:33:31,Central Time (US & Canada),Fabric,Cotton Fabric yardage,1.0,Regular,"",1/2 yd,$6.25,$0.00,$6.25,$0.44,A6C2Uv7NMqbn7fvoC0x1JtMF,CZRaij6blzNzBLzTyMKASuMF,iPad,"",https://squareup.com/dashboard/sales/transactions/A6C2Uv7NMqbn7fvoC0x1JtMF/by-unit/0WT1WCKZW65WD,Payment,Cedar Rapids,"",3C97P4CP994EPTG62Z2KM24GEC,Joen Bayliss,"",ea,1
01/10/19,16:33:31,Central Time (US & Canada),Fabric,Cotton Fabric yardage,1.0,Regular,"",2/3 yd,$8.38,$0.00,$8.38,$0.59,A6C2Uv7NMqbn7fvoC0x1JtMF,CZRaij6blzNzBLzTyMKASuMF,iPad,"",https://squareup.com/dashboard/sales/transactions/A6C2Uv7NMqbn7fvoC0x1JtMF/by-unit/0WT1WCKZW65WD,Payment,Cedar Rapids,"",3C97P4CP994EPTG62Z2KM24GEC,Joen Bayliss,"",ea,1
01/10/19,16:33:31,Central Time (US & Canada),Fabric,Canvas Dropcloth Painted,1.0,1 Yard Decorator Canvas Painted,"","",$24.00,$0.00,$24.00,$1.68,A6C2Uv7NMqbn7fvoC0x1JtMF,CZRaij6blzNzBLzTyMKASuMF,iPad,"",https://squareup.com/dashboard/sales/transactions/A6C2Uv7NMqbn7fvoC0x1JtMF/by-unit/0WT1WCKZW65WD,Payment,Cedar Rapids,"",3C97P4CP994EPTG62Z2KM24GEC,Joen Bayliss,"",ea,1
01/10/19,16:33:31,Central Time (US & Canada),Notions,Sari Ribbon,1.0,Sari ball,"","",$12.99,$0.00,$12.99,$0.91,A6C2Uv7NMqbn7fvoC0x1JtMF,CZRaij6blzNzBLzTyMKASuMF,iPad,"",https://squareup.com/dashboard/sales/transactions/A6C2Uv7NMqbn7fvoC0x1JtMF/by-unit/0WT1WCKZW65WD,Payment,Cedar Rapids,"",3C97P4CP994EPTG62Z2KM24GEC,Joen Bayliss,"",ea,1
01/10/19,16:33:31,Central Time (US & Canada),Fabric,Cotton Fabric yardage,1.0,Regular,"",1 yd,$12.50,$0.00,$12.50,$0.87,A6C2Uv7NMqbn7fvoC0x1JtMF,CZRaij6blzNzBLzTyMKASuMF,iPad,"",https://squareup.com/dashboard/sales/transactions/A6C2Uv7NMqbn7fvoC0x1JtMF/by-unit/0WT1WCKZW65WD,Payment,Cedar Rapids,"",3C97P4CP994EPTG62Z2KM24GEC,Joen Bayliss,"",ea,1
01/10/19,16:33:31,Central Time (US & Canada),Fabric,Canvas Waxed,1.0,1 Yard,"","",$35.99,$0.00,$35.99,$2.52,A6C2Uv7NMqbn7fvoC0x1JtMF,CZRaij6blzNzBLzTyMKASuMF,iPad,"",https://squareup.com/dashboard/sales/transactions/A6C2Uv7NMqbn7fvoC0x1JtMF/by-unit/0WT1WCKZW65WD,Payment,Cedar Rapids,"",3C97P4CP994EPTG62Z2KM24GEC,Joen Bayliss,"",ea,1
01/10/19,16:33:31,Central Time (US & Canada),Fabric,Cotton Fabric yardage,1.0,Regular,"",2/3 yd,$8.38,$0.00,$8.38,$0.58,A6C2Uv7NMqbn7fvoC0x1JtMF,CZRaij6blzNzBLzTyMKASuMF,iPad,"",https://squareup.com/dashboard/sales/transactions/A6C2Uv7NMqbn7fvoC0x1JtMF/by-unit/0WT1WCKZW65WD,Payment,Cedar Rapids,"",3C97P4CP994EPTG62Z2KM24GEC,Joen Bayliss,"",ea,1
01/10/19,16:33:31,Central Time (US & Canada),Fabric,Cotton Fabric yardage,1.0,Regular,"",1/2 yd,$6.25,$0.00,$6.25,$0.44,A6C2Uv7NMqbn7fvoC0x1JtMF,CZRaij6blzNzBLzTyMKASuMF,iPad,"",https://squareup.com/dashboard/sales/transactions/A6C2Uv7NMqbn7fvoC0x1JtMF/by-unit/0WT1WCKZW65WD,Payment,Cedar Rapids,"",3C97P4CP994EPTG62Z2KM24GEC,Joen Bayliss,"",ea,1
01/10/19,13:40:15,Central Time (US & Canada),Handmade,Custom Order - ADD NOTE,1.0,Regular,"","",$50.00,$0.00,$50.00,$3.50,goxaOj5bOvKSd02LJtNG8zMF,3ypxMiLLzzLvTtRfJiZh3yMF,iPad,"",https://squareup.com/dashboard/sales/transactions/goxaOj5bOvKSd02LJtNG8zMF/by-unit/0WT1WCKZW65WD,Payment,Cedar Rapids,"",AQYSQTGEC95DCKMVMT52F0T884,Mary Lehner,"",ea,1
01/10/19,12:29:16,Central Time (US & Canada),Handmade,Key Fob,1.0,Regular,"","",$7.99,$0.00,$7.99,$0.56,UKzXFDEhnqdFm568frxTLuMF,F9UrhVmdfOhEZ23jjElyEwMF,iPad,"",https://squareup.com/dashboard/sales/transactions/UKzXFDEhnqdFm568frxTLuMF/by-unit/0WT1WCKZW65WD,Payment,Cedar Rapids,"",N935B7M6R95SRP4DCB1NYW7EHG,Ashlin D,"",ea,1
01/10/19,11:13:00,Central Time (US & Canada),None,Custom Amount,1.0,"","","",$237.50,$0.00,$237.50,$0.00,R74fcO5pCz8CQQxj741vqIweV,YsSdkYkiEj1M8NvcdLCkXuMF,"",Order #1831 from Frond Design Studios,https://squareup.com/dashboard/sales/transactions/R74fcO5pCz8CQQxj741vqIweV/by-unit/42TJQ2B36EQBG,Payment,Web,"",D1363KXG815A4WED5P5KFRBHJR,Susan Broderick,"",ea,1
01/09/19,13:23:05,Central Time (US & Canada),Pattern,Moon Phases Pattern,1.0,Regular,"","",$12.00,$0.00,$12.00,$0.84,uRcpfhr2CxpLncHCjAXNDyMF,jsv3zBmibrXI9A10c1o9SzMF,iPad,"",https://squareup.com/dashboard/sales/transactions/uRcpfhr2CxpLncHCjAXNDyMF/by-unit/0WT1WCKZW65WD,Payment,Cedar Rapids,"",FNVJ88TYAX2GJSRH5F7D6H6JD0,Lisa Powell,"",ea,1
01/08/19,14:18:40,Central Time (US & Canada),None,Custom Amount,1.0,"","","",$119.99,$0.00,$119.99,$0.00,7QSGl4crKvvIccRw4cLdPOxeV,fIHZttJp08G9Himha2m3StMF,"",Order #1826 from Frond Design Studios,https://squareup.com/dashboard/sales/transactions/7QSGl4crKvvIccRw4cLdPOxeV/by-unit/42TJQ2B36EQBG,Payment,Web,"",TY96MG0G0X6XTM6DPH530WH07G,"","",ea,1
01/06/19,13:47:54,Central Time (US & Canada),Fabric,Other Fabric - ADD NOTE,1.0,Regular,"","",$45.00,$0.00,$45.00,$3.15,qNFs6fpIFepBfTWJuji6htMF,LWGQ47LbGTr8Lkwd5iyjPzMF,iPad,"",https://squareup.com/dashboard/sales/transactions/qNFs6fpIFepBfTWJuji6htMF/by-unit/0WT1WCKZW65WD,Payment,Cedar Rapids,"",JANWN7Y05118ETVBK5R6PF2DHC,Ronda Kenney,"",ea,1
01/06/19,13:47:54,Central Time (US & Canada),Pattern,Other Pattern-ADD NOTE,1.0,Regular,"","",$12.00,$0.00,$12.00,$0.84,qNFs6fpIFepBfTWJuji6htMF,LWGQ47LbGTr8Lkwd5iyjPzMF,iPad,"",https://squareup.com/dashboard/sales/transactions/qNFs6fpIFepBfTWJuji6htMF/by-unit/0WT1WCKZW65WD,Payment,Cedar Rapids,"",JANWN7Y05118ETVBK5R6PF2DHC,Ronda Kenney,"",ea,1
01/06/19,13:47:54,Central Time (US & Canada),Notions,Handbag Frame,1.0,Large,"","",$22.00,$0.00,$22.00,$1.54,qNFs6fpIFepBfTWJuji6htMF,LWGQ47LbGTr8Lkwd5iyjPzMF,iPad,"",https://squareup.com/dashboard/sales/transactions/qNFs6fpIFepBfTWJuji6htMF/by-unit/0WT1WCKZW65WD,Payment,Cedar Rapids,"",JANWN7Y05118ETVBK5R6PF2DHC,Ronda Kenney,"",ea,1
01/06/19,12:11:10,Central Time (US & Canada),Fq,FQ Pack Miscellaneous ,1.0,5 Ct,"","",$17.99,$0.00,$17.99,$1.26,cuB23SZIO6c623kdHguL3tMF,sKhNpAxP2R1ZaHVqhPs5S,iPad,"",https://squareup.com/dashboard/sales/transactions/cuB23SZIO6c623kdHguL3tMF/by-unit/0WT1WCKZW65WD,Payment,Cedar Rapids,"","","","",ea,1
01/05/19,17:56:00,Central Time (US & Canada),None,Custom Amount,1.0,"","","",$598.50,$0.00,$598.50,$0.00,jgQSfmbZtTWJ4If2rNSRJtpeV,PyR8cINlLjhoMIcqlvch3zMF,Stephanie Brandenburg,Quilters Clinic wholesale,https://squareup.com/dashboard/sales/transactions/jgQSfmbZtTWJ4If2rNSRJtpeV/by-unit/39APN171F274W,Payment,Trade Shows,"",BP0EF179FH23YKFEEJB67TPGQ8,The Inic,"",ea,1
01/05/19,17:08:48,Central Time (US & Canada),Fabric,Cotton Fabric yardage,5.0,Regular,"",1 yd,$62.50,$0.00,$62.50,$4.38,YQnMHBETPMnuqtvvRaJaNuMF,"SBNWL7oQeTLGcGY3rDrydvMF, X1vF28NHFdr34fKRfXORzxMF",iPad,"",https://squareup.com/dashboard/sales/transactions/YQnMHBETPMnuqtvvRaJaNuMF/by-unit/0WT1WCKZW65WD,Payment,Cedar Rapids,"",", HGAW38W10S29RK168RNF3TPS7M",", Jennifer Tibbetts",", ",ea,5
01/05/19,17:06:49,Central Time (US & Canada),Kits,Subway Tiles - DD IV (44x57 Incl),1.0,Regular,SUBW-DDIV-K,"",$99.00,$0.00,$99.00,$6.93,EuhLTA6qwdfzEOzRdAp4EzMF,DHur3xCtXZvWYBzKpVupPsMF,iPad,"",https://squareup.com/dashboard/sales/transactions/EuhLTA6qwdfzEOzRdAp4EzMF/by-unit/0WT1WCKZW65WD,Payment,Cedar Rapids,"",PP65F1529X7VCPKE98KV56QCV8,Jeannie Murphy,"",ea,1
01/05/19,14:33:26,Central Time (US & Canada),Fabric,Cotton Fabric yardage,1.0,Regular,"",3/4 yd,$9.38,$0.00,$9.38,$0.66,G7XjzqaiL1jBgwOJ5wDUhuMF,rp4b5CrO8HYARjL8QfMnKyMF,iPad,"",https://squareup.com/dashboard/sales/transactions/G7XjzqaiL1jBgwOJ5wDUhuMF/by-unit/0WT1WCKZW65WD,Payment,Cedar Rapids,"",1YTHRBD0XX7P2S3PH7Z3NA8M9W,Deborah Braid,"",ea,1
01/05/19,14:23:12,Central Time (US & Canada),Fabric,Cotton Fabric yardage,3.0,Regular,"",1 yd,$37.50,$0.00,$37.50,$2.62,ORMJZN8eRMo6uwaqEKTThtMF,23XOPMrtyd16SyRK9LKCNvMF,iPad,"",https://squareup.com/dashboard/sales/transactions/ORMJZN8eRMo6uwaqEKTThtMF/by-unit/0WT1WCKZW65WD,Payment,Cedar Rapids,"",1YTHRBD0XX7P2S3PH7Z3NA8M9W,Deborah Braid,"",ea,3
01/05/19,14:23:12,Central Time (US & Canada),Fabric,Cotton Fabric yardage,4.0,Regular,"",1 yd,$50.00,$0.00,$50.00,$3.50,ORMJZN8eRMo6uwaqEKTThtMF,23XOPMrtyd16SyRK9LKCNvMF,iPad,"",https://squareup.com/dashboard/sales/transactions/ORMJZN8eRMo6uwaqEKTThtMF/by-unit/0WT1WCKZW65WD,Payment,Cedar Rapids,"",1YTHRBD0XX7P2S3PH7Z3NA8M9W,Deborah Braid,"",ea,4
01/05/19,14:23:12,Central Time (US & Canada),Fabric,Cotton Fabric yardage,2.0,Regular,"",1 yd,$25.00,$0.00,$25.00,$1.75,ORMJZN8eRMo6uwaqEKTThtMF,23XOPMrtyd16SyRK9LKCNvMF,iPad,"",https://squareup.com/dashboard/sales/transactions/ORMJZN8eRMo6uwaqEKTThtMF/by-unit/0WT1WCKZW65WD,Payment,Cedar Rapids,"",1YTHRBD0XX7P2S3PH7Z3NA8M9W,Deborah Braid,"",ea,2
01/05/19,14:23:12,Central Time (US & Canada),Fabric,Cotton Fabric yardage,5.0,Regular,"",1 yd,$62.50,$0.00,$62.50,$4.38,ORMJZN8eRMo6uwaqEKTThtMF,23XOPMrtyd16SyRK9LKCNvMF,iPad,"",https://squareup.com/dashboard/sales/transactions/ORMJZN8eRMo6uwaqEKTThtMF/by-unit/0WT1WCKZW65WD,Payment,Cedar Rapids,"",1YTHRBD0XX7P2S3PH7Z3NA8M9W,Deborah Braid,"",ea,5
01/05/19,14:23:12,Central Time (US & Canada),Pattern,Between The Lines Pattern,1.0,Regular,"","",$12.00,$0.00,$12.00,$0.84,ORMJZN8eRMo6uwaqEKTThtMF,23XOPMrtyd16SyRK9LKCNvMF,iPad,"",https://squareup.com/dashboard/sales/transactions/ORMJZN8eRMo6uwaqEKTThtMF/by-unit/0WT1WCKZW65WD,Payment,Cedar Rapids,"",1YTHRBD0XX7P2S3PH7Z3NA8M9W,Deborah Braid,"",ea,1
01/04/19,15:38:36,Central Time (US & Canada),Fabric,Cotton Fabric yardage,1.0,Regular,"",1 yd,$12.50,$0.00,$12.50,$0.88,CVDUsigkuMAR4YTL6UVE3vMF,R7vT5dXYWWW9hIzV4uNEgwMF,iPad,"",https://squareup.com/dashboard/sales/transactions/CVDUsigkuMAR4YTL6UVE3vMF/by-unit/0WT1WCKZW65WD,Payment,Cedar Rapids,"",GP0YH4QDCN5RYN483BVF63HVHC,Catherine Ross-garron,"",ea,1
01/04/19,10:54:40,Central Time (US & Canada),Notions,Plants,1.0,Other,"","",$1.00,$0.00,$1.00,$0.07,6ZFZNjcAZWi2M9UCQS7RszMF,ZVMBsFB3DFemh2TtUgFWPzMF,iPad,Jade cutting,https://squareup.com/dashboard/sales/transactions/6ZFZNjcAZWi2M9UCQS7RszMF/by-unit/0WT1WCKZW65WD,Payment,Cedar Rapids,"",KGRF86VJDH57WPD89P78HV4GCG,Rose Conley,"",ea,1
01/04/19,10:54:40,Central Time (US & Canada),Plants,Plants Variable,1.0,Regular,"","",$2.00,$0.00,$2.00,$0.14,6ZFZNjcAZWi2M9UCQS7RszMF,ZVMBsFB3DFemh2TtUgFWPzMF,iPad,Mother of thousands babies,https://squareup.com/dashboard/sales/transactions/6ZFZNjcAZWi2M9UCQS7RszMF/by-unit/0WT1WCKZW65WD,Payment,Cedar Rapids,"",KGRF86VJDH57WPD89P78HV4GCG,Rose Conley,"",ea,1
01/04/19,10:54:40,Central Time (US & Canada),Plants,Plants Variable,1.0,Regular,"","",$10.00,$0.00,$10.00,$0.70,6ZFZNjcAZWi2M9UCQS7RszMF,ZVMBsFB3DFemh2TtUgFWPzMF,iPad,Potted plant,https://squareup.com/dashboard/sales/transactions/6ZFZNjcAZWi2M9UCQS7RszMF/by-unit/0WT1WCKZW65WD,Payment,Cedar Rapids,"",KGRF86VJDH57WPD89P78HV4GCG,Rose Conley,"",ea,1
01/03/19,16:41:28,Central Time (US & Canada),Notions,Pins - Tulip Regular,1.0,Regular,THN-074e,"",$8.50,$0.00,$8.50,$0.60,yN5vwUFRUGm3k0BQMQMaBuMF,7AwPrRtyUgIbSgr8hN1hXvMF,iPad,"",https://squareup.com/dashboard/sales/transactions/yN5vwUFRUGm3k0BQMQMaBuMF/by-unit/0WT1WCKZW65WD,Payment,Cedar Rapids,"",JNKHH7R2X564CNYE584J34MJZ4,Ashley Kerl,"",ea,1
01/03/19,16:41:07,Central Time (US & Canada),None,Custom Amount,1.0,"","","",$273.50,$0.00,$273.50,$0.00,9RknHFeWbkzOZ2DLU57ZoZ0eV,UE2dxdHim4DRicUApnmGuzMF,Stephanie Brandenburg,"Cherished Pieces 
Wholesale Market Order including shipping",https://squareup.com/dashboard/sales/transactions/9RknHFeWbkzOZ2DLU57ZoZ0eV/by-unit/39APN171F274W,Payment,Trade Shows,"",MD10WQM9SD12WGM665DD3QH1Z0,"","",ea,1
01/03/19,16:30:13,Central Time (US & Canada),Pattern,Other Pattern-ADD NOTE,1.0,Regular,"","",$12.00,$0.00,$12.00,$0.84,qh5JeT7sfVRM3DDpHMwnNxMF,Otzn2waQa9AopCBoo1xojyMF,iPad,Starry night Travel Satchel,https://squareup.com/dashboard/sales/transactions/qh5JeT7sfVRM3DDpHMwnNxMF/by-unit/0WT1WCKZW65WD,Payment,Cedar Rapids,"",JNKHH7R2X564CNYE584J34MJZ4,Ashley Kerl,"",ea,1
01/03/19,16:30:13,Central Time (US & Canada),Books,Quiltfolk,1.0,Issue 1,"","",$22.00,$0.00,$22.00,$1.54,qh5JeT7sfVRM3DDpHMwnNxMF,Otzn2waQa9AopCBoo1xojyMF,iPad,"",https://squareup.com/dashboard/sales/transactions/qh5JeT7sfVRM3DDpHMwnNxMF/by-unit/0WT1WCKZW65WD,Payment,Cedar Rapids,"",JNKHH7R2X564CNYE584J34MJZ4,Ashley Kerl,"",ea,1
01/03/19,15:53:38,Central Time (US & Canada),Martelli ,Rotary Cutter 45mm Left H,1.0,Regular,"","",$24.99,$0.00,$24.99,$1.75,wuAQhHMozZSUMjCwgBGzTxMF,dO7rrhzASXV6eZnNrcHjjsMF,iPad,"",https://squareup.com/dashboard/sales/transactions/wuAQhHMozZSUMjCwgBGzTxMF/by-unit/0WT1WCKZW65WD,Payment,Cedar Rapids,"",GVEA7RGZGS4C4RPVKA9GVF65R4,Cathy Allen,"",ea,1
01/03/19,15:53:38,Central Time (US & Canada),Notions,Superior Fantastico 40 Wt Thread,1.0,Regular,"","",$8.99,$0.00,$8.99,$0.63,wuAQhHMozZSUMjCwgBGzTxMF,dO7rrhzASXV6eZnNrcHjjsMF,iPad,"",https://squareup.com/dashboard/sales/transactions/wuAQhHMozZSUMjCwgBGzTxMF/by-unit/0WT1WCKZW65WD,Payment,Cedar Rapids,"",GVEA7RGZGS4C4RPVKA9GVF65R4,Cathy Allen,"",ea,1
01/03/19,15:18:04,Central Time (US & Canada),None,Custom Amount,1.0,"","","",$660.00,$0.00,$660.00,$0.00,74YDlRBRJgUc6mgby8RQDgneV,mV4KaF7vQMc7besOoo9MuwMF,Stephanie Brandenburg,"Happy Apple Wholesale Market
+ shipping",https://squareup.com/dashboard/sales/transactions/74YDlRBRJgUc6mgby8RQDgneV/by-unit/39APN171F274W,Payment,Trade Shows,"","","","",ea,1
01/03/19,15:00:25,Central Time (US & Canada),Pattern,Artisan Tunic,1.0,Regular,"","",$20.00,$0.00,$20.00,$1.40,yzAXPUzcemuLpi9o4FwImtMF,ul4SV0ljsTyF7nYsqWy5S,iPad,"",https://squareup.com/dashboard/sales/transactions/yzAXPUzcemuLpi9o4FwImtMF/by-unit/0WT1WCKZW65WD,Payment,Cedar Rapids,"","","","",ea,1
01/03/19,13:19:56,Central Time (US & Canada),Fabric,Cotton Fabric yardage,3.0,Regular,"",1 yd,$37.50,$0.00,$37.50,$2.62,soOOwZ2wvNpKWTEjRna5RsMF,wWAarXKGKiTUuXUUlq85S,iPad,"",https://squareup.com/dashboard/sales/transactions/soOOwZ2wvNpKWTEjRna5RsMF/by-unit/0WT1WCKZW65WD,Payment,Cedar Rapids,"","","","",ea,3
01/03/19,13:19:56,Central Time (US & Canada),Notions,Sari Ribbon,1.0,Sari skein,SARI-EYEL,"",$19.99,$0.00,$19.99,$1.40,soOOwZ2wvNpKWTEjRna5RsMF,wWAarXKGKiTUuXUUlq85S,iPad,"",https://squareup.com/dashboard/sales/transactions/soOOwZ2wvNpKWTEjRna5RsMF/by-unit/0WT1WCKZW65WD,Payment,Cedar Rapids,"","","","",ea,1
01/03/19,13:15:39,Central Time (US & Canada),Fabric,Cotton Fabric yardage,2.0,Regular,"",1 yd,$25.00,$0.00,$25.00,$1.75,MQ0hBqeYNfISTSsbkz3E9wMF,6zmft2DkuOCCssAKDZm5S,iPad,"",https://squareup.com/dashboard/sales/transactions/MQ0hBqeYNfISTSsbkz3E9wMF/by-unit/0WT1WCKZW65WD,Payment,Cedar Rapids,"","","","",ea,2
01/03/19,13:15:39,Central Time (US & Canada),Fabric,Cotton Fabric yardage,1.0,Regular,"",1/2 yd,$6.25,$0.00,$6.25,$0.44,MQ0hBqeYNfISTSsbkz3E9wMF,6zmft2DkuOCCssAKDZm5S,iPad,"",https://squareup.com/dashboard/sales/transactions/MQ0hBqeYNfISTSsbkz3E9wMF/by-unit/0WT1WCKZW65WD,Payment,Cedar Rapids,"","","","",ea,1
01/03/19,13:01:16,Central Time (US & Canada),None,Custom Amount,1.0,"","","",$846.00,$0.00,$846.00,$0.00,rGtaowcWBWrKUrpc1C6zLC3eV,9GutygfjdgrGg7KyTBz4iyMF,Stephanie Brandenburg,3Bears wholesale ,https://squareup.com/dashboard/sales/transactions/rGtaowcWBWrKUrpc1C6zLC3eV/by-unit/39APN171F274W,Payment,Trade Shows,"",AASQXDGNKH5CGMHXJE0D7NGVVG,"","",ea,1
01/03/19,13:01:16,Central Time (US & Canada),None,Custom Amount,1.0,"","","",$36.00,$0.00,$36.00,$0.00,rGtaowcWBWrKUrpc1C6zLC3eV,9GutygfjdgrGg7KyTBz4iyMF,Stephanie Brandenburg,Shipping,https://squareup.com/dashboard/sales/transactions/rGtaowcWBWrKUrpc1C6zLC3eV/by-unit/39APN171F274W,Payment,Trade Shows,"",AASQXDGNKH5CGMHXJE0D7NGVVG,"","",ea,1
01/02/19,18:11:35,Central Time (US & Canada),Handmade,Other Handmade - ADD NOTE,1.0,Regular,"","",$29.99,$0.00,$29.99,$2.10,YOcJiaaKRkREbiYc95FultMF,6HPEws5rb8uF10d7cyMA0vMF,iPad,Mug,https://squareup.com/dashboard/sales/transactions/YOcJiaaKRkREbiYc95FultMF/by-unit/0WT1WCKZW65WD,Payment,Cedar Rapids,"",HN7YSJ8N9S6X4H7V6RVMX6N26R,Jac Young,"",ea,1
01/02/19,18:11:35,Central Time (US & Canada),None,Custom Amount,1.0,"","","",$15.00,$0.00,$15.00,$1.05,YOcJiaaKRkREbiYc95FultMF,6HPEws5rb8uF10d7cyMA0vMF,iPad,Fat quarters,https://squareup.com/dashboard/sales/transactions/YOcJiaaKRkREbiYc95FultMF/by-unit/0WT1WCKZW65WD,Payment,Cedar Rapids,"",HN7YSJ8N9S6X4H7V6RVMX6N26R,Jac Young,"",ea,1
01/02/19,18:11:35,Central Time (US & Canada),None,Custom Amount,1.0,"","","",$7.00,$0.00,$7.00,$0.49,YOcJiaaKRkREbiYc95FultMF,6HPEws5rb8uF10d7cyMA0vMF,iPad,Panel,https://squareup.com/dashboard/sales/transactions/YOcJiaaKRkREbiYc95FultMF/by-unit/0WT1WCKZW65WD,Payment,Cedar Rapids,"",HN7YSJ8N9S6X4H7V6RVMX6N26R,Jac Young,"",ea,1
01/02/19,16:35:26,Central Time (US & Canada),None,Custom Amount,1.0,"","","",$9.00,$0.00,$9.00,$0.63,2jrbi7LMIlmC6pnaIh52XyMF,277PT1aWzBXFWRq2rXy5S,iPad,"",https://squareup.com/dashboard/sales/transactions/2jrbi7LMIlmC6pnaIh52XyMF/by-unit/0WT1WCKZW65WD,Payment,Cedar Rapids,"","","","",ea,1
01/02/19,12:34:24,Central Time (US & Canada),Fabric,Cotton Fabric yardage,1.0,Regular,"",1 yd,$12.50,$0.00,$12.50,$0.88,CVPGAt6kP5ai5JoLaEpRPsMF,LtDqElgcQ1rN8LhR6m2tSsMF,iPad,"",https://squareup.com/dashboard/sales/transactions/CVPGAt6kP5ai5JoLaEpRPsMF/by-unit/0WT1WCKZW65WD,Payment,Cedar Rapids,"",T5KAJMTS6927TH6AVP72ZY4KWM,Jacquelyn Hodgson,"",ea,1
