Date,Time,Time Zone,Category,Item,Qty,Price Point Name,SKU,Modifiers Applied,Gross Sales,Discounts,Net Sales,Tax,Transaction ID,Payment ID,Device Name,Notes,Details,Event Type,Location,Dining Option,Customer ID,Customer Name,Customer Reference ID,Unit,Count
03/12/19,15:00:23,Central Time (US & Canada),None,Custom Amount,1.0,"","","",$24.99,$0.00,$24.99,$1.75,YYLK4i0qaxcNj0gY2qwX4zMF,IcHnRKUP91bZVtapEMp5S,iPad,Scrap bag,https://squareup.com/dashboard/sales/transactions/YYLK4i0qaxcNj0gY2qwX4zMF/by-unit/0WT1WCKZW65WD,Payment,Cedar Rapids,"","","","",ea,1
03/12/19,14:20:35,Central Time (US & Canada),Sahwira,Sahwira Products,1.0,T-Shirt,"","",$29.99,$0.00,$29.99,$2.10,c0gs7ylNKx4Om4JArUsCzuMF,klB3IIlSBayzj3EK1XvsYtMF,iPad,"",https://squareup.com/dashboard/sales/transactions/c0gs7ylNKx4Om4JArUsCzuMF/by-unit/0WT1WCKZW65WD,Payment,Cedar Rapids,"",BY53PPMKNH7DPZFAKEERZFHXM8,"","",ea,1
03/12/19,13:38:53,Central Time (US & Canada),None,Custom Amount,1.0,"","","",$133.64,$0.00,$133.64,$0.00,Fh63f3XwwlPy3jjk6aUpjbjeV,HXfIzmxFHn8BKpmSrhFEPuMF,"",Order #2439 from Frond Design Studios,https://squareup.com/dashboard/sales/transactions/Fh63f3XwwlPy3jjk6aUpjbjeV/by-unit/42TJQ2B36EQBG,Payment,Web,"",A25XP9Q8TN0HWKHS4PTFATE5N8,Connie Vos,"",ea,1
03/11/19,14:42:23,Central Time (US & Canada),None,Custom Amount,1.0,"","","",$29.99,$0.00,$29.99,$0.00,t3du80hs0SeuHasPRH8hgxeeV,w34pFuCi0ZFDTwkQgSOB3zMF,"",Order #2435 from Frond Design Studios,https://squareup.com/dashboard/sales/transactions/t3du80hs0SeuHasPRH8hgxeeV/by-unit/42TJQ2B36EQBG,Payment,Web,"","","","",ea,1
03/11/19,11:37:31,Central Time (US & Canada),Fabric,Cotton Fabric yardage,5.0,Regular,"",1 yd,$62.50,$0.00,$62.50,$4.38,YC2bX6puhXPy3R0Xlqp03sMF,LAEymhJOIhJG6oVX0OQeoxMF,iPad,"",https://squareup.com/dashboard/sales/transactions/YC2bX6puhXPy3R0Xlqp03sMF/by-unit/0WT1WCKZW65WD,Payment,Cedar Rapids,"",PM85M089097ZWSZ445V52H6FGC,Robin Werner,"",ea,5
03/11/19,11:37:31,Central Time (US & Canada),Bundles,Cherrywood Yard Cut,1.0,Regular,"","",$24.99,$0.00,$24.99,$1.75,YC2bX6puhXPy3R0Xlqp03sMF,LAEymhJOIhJG6oVX0OQeoxMF,iPad,"",https://squareup.com/dashboard/sales/transactions/YC2bX6puhXPy3R0Xlqp03sMF/by-unit/0WT1WCKZW65WD,Payment,Cedar Rapids,"",PM85M089097ZWSZ445V52H6FGC,Robin Werner,"",ea,1
03/11/19,11:37:31,Central Time (US & Canada),Fabric,Cotton Fabric yardage,1.0,Regular,"",1 yd,$12.50,$0.00,$12.50,$0.87,YC2bX6puhXPy3R0Xlqp03sMF,LAEymhJOIhJG6oVX0OQeoxMF,iPad,"",https://squareup.com/dashboard/sales/transactions/YC2bX6puhXPy3R0Xlqp03sMF/by-unit/0WT1WCKZW65WD,Payment,Cedar Rapids,"",PM85M089097ZWSZ445V52H6FGC,Robin Werner,"",ea,1
03/11/19,11:37:31,Central Time (US & Canada),Fabric,Cotton Fabric yardage,2.0,Regular,"","1 yd, 1/2 yd",$37.50,$0.00,$37.50,$2.62,YC2bX6puhXPy3R0Xlqp03sMF,LAEymhJOIhJG6oVX0OQeoxMF,iPad,"",https://squareup.com/dashboard/sales/transactions/YC2bX6puhXPy3R0Xlqp03sMF/by-unit/0WT1WCKZW65WD,Payment,Cedar Rapids,"",PM85M089097ZWSZ445V52H6FGC,Robin Werner,"",ea,2
03/11/19,11:37:31,Central Time (US & Canada),Fabric,Fat Quarter,1.0,Regular,"","",$3.50,$0.00,$3.50,$0.25,YC2bX6puhXPy3R0Xlqp03sMF,LAEymhJOIhJG6oVX0OQeoxMF,iPad,"",https://squareup.com/dashboard/sales/transactions/YC2bX6puhXPy3R0Xlqp03sMF/by-unit/0WT1WCKZW65WD,Payment,Cedar Rapids,"",PM85M089097ZWSZ445V52H6FGC,Robin Werner,"",ea,1
03/11/19,11:03:36,Central Time (US & Canada),Fabric,Cotton Fabric yardage,2.0,Regular,"",1 yd,$25.00,$0.00,$25.00,$1.75,Or7ebxkEq7Pica2nCWccOxMF,bonlyvBbhFd4Y5NAf1xaszMF,iPad,"",https://squareup.com/dashboard/sales/transactions/Or7ebxkEq7Pica2nCWccOxMF/by-unit/0WT1WCKZW65WD,Payment,Cedar Rapids,"",YY5Y2EDSV57Z4M58EJZBS2DJ1G,Sandra Campbell,"",ea,2
03/11/19,11:02:54,Central Time (US & Canada),Pattern,Sedimentary Pattern,1.0,Regular,"","",$12.00,$0.00,$12.00,$0.84,S1Li2BDQdywnvfpuJWpqDwMF,Ka3ih0j6syjIyXZA1vi99tMF,iPad,"",https://squareup.com/dashboard/sales/transactions/S1Li2BDQdywnvfpuJWpqDwMF/by-unit/0WT1WCKZW65WD,Payment,Cedar Rapids,"",X2YXGPKGY52N2H6K2Y6XQVGS2G,Hannelore Meade,"",ea,1
03/11/19,11:02:54,Central Time (US & Canada),Fq,FQ Pack Miscellaneous ,1.0,Miscellaneous,"","",$99.99,$0.00,$99.99,$7.00,S1Li2BDQdywnvfpuJWpqDwMF,Ka3ih0j6syjIyXZA1vi99tMF,iPad,"",https://squareup.com/dashboard/sales/transactions/S1Li2BDQdywnvfpuJWpqDwMF/by-unit/0WT1WCKZW65WD,Payment,Cedar Rapids,"",X2YXGPKGY52N2H6K2Y6XQVGS2G,Hannelore Meade,"",ea,1
03/10/19,17:23:00,Central Time (US & Canada),None,Custom Amount,1.0,"","","",$29.99,$0.00,$29.99,$0.00,Fd6sfweyqktDCWLel8cz3breV,NtT7hJTCabLuIbGOKnvq3uMF,"",Order #2430 from Frond Design Studios,https://squareup.com/dashboard/sales/transactions/Fd6sfweyqktDCWLel8cz3breV/by-unit/42TJQ2B36EQBG,Payment,Web,"","","","",ea,1
03/10/19,13:14:18,Central Time (US & Canada),None,Custom Amount,1.0,"","","",$124.95,$0.00,$124.95,$0.00,dl08QqBYlqCRsrcsNWfL2j2eV,sFO2FD4P0hYxfP1aUPha2xMF,"",Order #2428 from Frond Design Studios,https://squareup.com/dashboard/sales/transactions/dl08QqBYlqCRsrcsNWfL2j2eV/by-unit/42TJQ2B36EQBG,Payment,Web,"","","","",ea,1
03/10/19,12:01:46,Central Time (US & Canada),None,Custom Amount,1.0,"","","",$29.99,$0.00,$29.99,$0.00,TabLlEzMAYHR8Jy2iSoPkpheV,4hkMWuadAS0dgsKvqpS4czMF,"",Order #2427 from Frond Design Studios,https://squareup.com/dashboard/sales/transactions/TabLlEzMAYHR8Jy2iSoPkpheV/by-unit/42TJQ2B36EQBG,Payment,Web,"","","","",ea,1
03/10/19,10:56:21,Central Time (US & Canada),None,Custom Amount,1.0,"","","",$54.98,$0.00,$54.98,$0.00,9BkrpK6970GZA9RFzWwxsDkeV,Iww3ZYSbt5uRB5xiAm5WutMF,"",Order #2423 from Frond Design Studios,https://squareup.com/dashboard/sales/transactions/9BkrpK6970GZA9RFzWwxsDkeV/by-unit/42TJQ2B36EQBG,Payment,Web,"",P5SA0Q9M4N51GQV3HWM6ET16J8,Cynthia Conway,"",ea,1
03/10/19,08:29:06,Central Time (US & Canada),None,Custom Amount,1.0,"","","",$54.98,$0.00,$54.98,$0.00,JP8HMdct8ndKDKCo6fQ1mW8eV,6hyu0wod0MnTnVZhu6fS2yMF,"",Order #2418 from Frond Design Studios,https://squareup.com/dashboard/sales/transactions/JP8HMdct8ndKDKCo6fQ1mW8eV/by-unit/42TJQ2B36EQBG,Payment,Web,"",JBJNA4KTMH52JZ07DPNXFESHZ4,"","",ea,1
03/09/19,21:25:19,Central Time (US & Canada),None,Custom Amount,1.0,"","","",$69.99,$0.00,$69.99,$0.00,hvmhjYFpxqYFrKqnAJdPzO8eV,D0lk5n7I0oxuAx3mDrNJcsMF,"",Order #2416 from Frond Design Studios,https://squareup.com/dashboard/sales/transactions/hvmhjYFpxqYFrKqnAJdPzO8eV/by-unit/42TJQ2B36EQBG,Payment,Web,"","","","",ea,1
03/09/19,20:33:19,Central Time (US & Canada),None,Custom Amount,1.0,"","","",$29.99,$0.00,$29.99,$0.00,dvLvzp17JZpsCaZZ307Q8h5eV,gdgsvEV7u1krzcVClfNXquMF,"",Order #2414 from Frond Design Studios,https://squareup.com/dashboard/sales/transactions/dvLvzp17JZpsCaZZ307Q8h5eV/by-unit/42TJQ2B36EQBG,Payment,Web,"",KQFXY9139966GN5DHWCCGN43H0,Judy Beskow,"",ea,1
03/09/19,19:49:19,Central Time (US & Canada),None,Custom Amount,1.0,"","","",$42.49,$0.00,$42.49,$0.00,tDb07B5fETNY4D0wJJhx0KheV,oNsaECiLmXCdOvrwP66fjvMF,"",Order #2413 from Frond Design Studios,https://squareup.com/dashboard/sales/transactions/tDb07B5fETNY4D0wJJhx0KheV/by-unit/42TJQ2B36EQBG,Payment,Web,"",XQFZ1KFEV56AWV48FF8RVVT9ZG,S Frazier,"",ea,1
03/09/19,11:44:25,Central Time (US & Canada),Fabric,Cotton Fabric yardage,1.0,Regular,"",1 yd,$12.50,$0.00,$12.50,$0.88,mpGnbbJNMJgHqzQPdOfmVxMF,zLQzOZmtVeedGu5SX0n6rsMF,iPad,"",https://squareup.com/dashboard/sales/transactions/mpGnbbJNMJgHqzQPdOfmVxMF/by-unit/0WT1WCKZW65WD,Payment,Cedar Rapids,"",PH75Y2T38D1W8K2RH4QZRDVY3R,Chelsey Bowley,"",ea,1
03/09/19,11:44:25,Central Time (US & Canada),None,Custom Amount,1.0,"","","",$3.50,$0.00,$3.50,$0.24,mpGnbbJNMJgHqzQPdOfmVxMF,zLQzOZmtVeedGu5SX0n6rsMF,iPad,"",https://squareup.com/dashboard/sales/transactions/mpGnbbJNMJgHqzQPdOfmVxMF/by-unit/0WT1WCKZW65WD,Payment,Cedar Rapids,"",PH75Y2T38D1W8K2RH4QZRDVY3R,Chelsey Bowley,"",ea,1
03/09/19,11:44:25,Central Time (US & Canada),Notions,Handles,1.0,Regular,"","",$6.99,$0.00,$6.99,$0.49,mpGnbbJNMJgHqzQPdOfmVxMF,zLQzOZmtVeedGu5SX0n6rsMF,iPad,"",https://squareup.com/dashboard/sales/transactions/mpGnbbJNMJgHqzQPdOfmVxMF/by-unit/0WT1WCKZW65WD,Payment,Cedar Rapids,"",PH75Y2T38D1W8K2RH4QZRDVY3R,Chelsey Bowley,"",ea,1
03/08/19,10:54:17,Central Time (US & Canada),Fabric,Cotton Fabric yardage,3.0,Regular,"",1 yd,$37.50,$0.00,$37.50,$2.62,GnfGIeaYuzFyReYfE1ovdxMF,NgrZJUKaJ28bPpmivfoUZzMF,iPad,"",https://squareup.com/dashboard/sales/transactions/GnfGIeaYuzFyReYfE1ovdxMF/by-unit/0WT1WCKZW65WD,Payment,Cedar Rapids,"",FB4PVFS7RD11TWS7FCTX7VZXVG,Darlene Welsh,"",ea,3
03/08/19,10:54:17,Central Time (US & Canada),Fabric,Cotton Fabric yardage,1.0,Regular,"",1/2 yd,$6.25,$0.00,$6.25,$0.44,GnfGIeaYuzFyReYfE1ovdxMF,NgrZJUKaJ28bPpmivfoUZzMF,iPad,"",https://squareup.com/dashboard/sales/transactions/GnfGIeaYuzFyReYfE1ovdxMF/by-unit/0WT1WCKZW65WD,Payment,Cedar Rapids,"",FB4PVFS7RD11TWS7FCTX7VZXVG,Darlene Welsh,"",ea,1
