Date,Time,Time Zone,Category,Item,Qty,Price Point Name,SKU,Modifiers Applied,Gross Sales,Discounts,Net Sales,Tax,Transaction ID,Payment ID,Device Name,Notes,Details,Event Type,Location,Dining Option,Customer ID,Customer Name,Customer Reference ID,Unit,Count
08/06/19,20:51:18,Central Time (US & Canada),None,Custom Amount,1.0,"","","",$18.50,$0.00,$18.50,$0.00,FVQbmPmJwBZ3H2lhfQADemieV,rsjfwp6r1GoSXJLchncTHxMF,"",Order #2932 from Frond Design Studios,https://squareup.com/dashboard/sales/transactions/FVQbmPmJwBZ3H2lhfQADemieV/by-unit/42TJQ2B36EQBG,Payment,Web,"","","","",ea,1
08/06/19,17:07:01,Central Time (US & Canada),Fabric,Cotton Fabric,1.0,Regular,"",1 yd,$12.50,$0.00,$12.50,$0.88,g8B35O1oguO2joJxJDHfasMF,75QrnVgFRk2lw6MTJJxlBvMF,iPad,"",https://squareup.com/dashboard/sales/transactions/g8B35O1oguO2joJxJDHfasMF/by-unit/0WT1WCKZW65WD,Payment,Cedar Rapids,"",46V0EEEDQD2ZK9BZPMWZ31VKQC,Sharie Mann,"",ea,1
08/06/19,11:44:15,Central Time (US & Canada),Fabric,Fat Quarters 3 For $10,1.0,Regular,"","",$10.00,$0.00,$10.00,$0.70,uxM9VBYXT4eKmgs2g63F7zMF,sEClmRTYG2tcTBQbKAv5S,iPad,"",https://squareup.com/dashboard/sales/transactions/uxM9VBYXT4eKmgs2g63F7zMF/by-unit/0WT1WCKZW65WD,Payment,Cedar Rapids,"",JDFXHN3RA14AEY6BG8FYNQASW8,Isabel Hung,"",ea,1
08/06/19,11:42:39,Central Time (US & Canada),Fabric,Cotton Fabric,1.0,Regular,"",1 yd,$12.50,$0.00,$12.50,$0.87,uHZuLGpedBmbPfTVI3CtpzMF,HeSwlnAJZ1KquveEp7UDstMF,iPad,"",https://squareup.com/dashboard/sales/transactions/uHZuLGpedBmbPfTVI3CtpzMF/by-unit/0WT1WCKZW65WD,Payment,Cedar Rapids,"",AY5W84QFT948ZFP2EYBW7GNZAR,Kelly Roll,"",ea,1
08/06/19,11:42:39,Central Time (US & Canada),Fabric,Cotton Fabric,1.0,Regular,"",1/2 yd,$6.25,$0.00,$6.25,$0.44,uHZuLGpedBmbPfTVI3CtpzMF,HeSwlnAJZ1KquveEp7UDstMF,iPad,"",https://squareup.com/dashboard/sales/transactions/uHZuLGpedBmbPfTVI3CtpzMF/by-unit/0WT1WCKZW65WD,Payment,Cedar Rapids,"",AY5W84QFT948ZFP2EYBW7GNZAR,Kelly Roll,"",ea,1
08/05/19,15:41:07,Central Time (US & Canada),Fabric,Cotton Fabric,1.0,Regular,"",1 yd,$12.50,$0.00,$12.50,$0.88,W9QfQXdrVGElrOUljbtPFtMF,jvWLRMhmrtffe9l3IDpfAxMF,iPad,"",https://squareup.com/dashboard/sales/transactions/W9QfQXdrVGElrOUljbtPFtMF/by-unit/0WT1WCKZW65WD,Payment,Cedar Rapids,"",9DBASKHNK12D0P1WJ6CC4TQA1M,Cynthia Arneson,"",ea,1
08/05/19,15:41:07,Central Time (US & Canada),Fabric,Fat Quarter,1.0,Regular,"","",$3.50,$0.00,$3.50,$0.24,W9QfQXdrVGElrOUljbtPFtMF,jvWLRMhmrtffe9l3IDpfAxMF,iPad,"",https://squareup.com/dashboard/sales/transactions/W9QfQXdrVGElrOUljbtPFtMF/by-unit/0WT1WCKZW65WD,Payment,Cedar Rapids,"",9DBASKHNK12D0P1WJ6CC4TQA1M,Cynthia Arneson,"",ea,1
08/05/19,12:55:09,Central Time (US & Canada),None,Custom Amount,1.0,"","","",$9.00,$0.00,$9.00,$0.63,8enR3c6ynqPlq57FR582JyMF,YkfXJHfQcLcmSHAX7P75S,iPad,"",https://squareup.com/dashboard/sales/transactions/8enR3c6ynqPlq57FR582JyMF/by-unit/0WT1WCKZW65WD,Payment,Cedar Rapids,"","","","",ea,1
08/05/19,12:30:32,Central Time (US & Canada),Fabric,Cotton Fabric,2.0,Regular,"",1/2 yd,$12.50,$0.00,$12.50,$0.88,MASwBfAMPDWU8AHLc5J3NtMF,H0Wx7aQV66cS7KJwRm65PxMF,iPad,"",https://squareup.com/dashboard/sales/transactions/MASwBfAMPDWU8AHLc5J3NtMF/by-unit/0WT1WCKZW65WD,Payment,Cedar Rapids,"",71BQXT44316EJSWX2JHHBGPF68,Kelli Dixon,"",ea,2
08/05/19,12:30:32,Central Time (US & Canada),Fabric,Cotton Fabric,5.0,Regular,"",1 yd,$62.50,$0.00,$62.50,$4.37,MASwBfAMPDWU8AHLc5J3NtMF,H0Wx7aQV66cS7KJwRm65PxMF,iPad,"",https://squareup.com/dashboard/sales/transactions/MASwBfAMPDWU8AHLc5J3NtMF/by-unit/0WT1WCKZW65WD,Payment,Cedar Rapids,"",71BQXT44316EJSWX2JHHBGPF68,Kelli Dixon,"",ea,5
08/05/19,12:30:32,Central Time (US & Canada),Fabric,Cotton Fabric,1.0,Regular,"",2/3 yd,$8.38,$0.00,$8.38,$0.59,MASwBfAMPDWU8AHLc5J3NtMF,H0Wx7aQV66cS7KJwRm65PxMF,iPad,"",https://squareup.com/dashboard/sales/transactions/MASwBfAMPDWU8AHLc5J3NtMF/by-unit/0WT1WCKZW65WD,Payment,Cedar Rapids,"",71BQXT44316EJSWX2JHHBGPF68,Kelli Dixon,"",ea,1
08/03/19,15:10:14,Central Time (US & Canada),2019 Row X Row,Edible Garden Sound Waves Kit,1.0,Regular,"","",$14.50,$0.00,$14.50,$1.02,ehUHhYVnMBb8rlFUbq8eRyMF,GvZNmsnYixjZmb7BPb05S,iPad,"",https://squareup.com/dashboard/sales/transactions/ehUHhYVnMBb8rlFUbq8eRyMF/by-unit/0WT1WCKZW65WD,Payment,Cedar Rapids,"","","","",ea,1
08/03/19,15:01:39,Central Time (US & Canada),Fabric,2 For 22,1.0,Regular Price,"","",$22.00,$0.00,$22.00,$1.60,vUFbsgUUYDAoVnFEFYMwwGteV,SepuxmRSdvMVias24bRp1wMF,Stephanie Brandenburg,"",https://squareup.com/dashboard/sales/transactions/vUFbsgUUYDAoVnFEFYMwwGteV/by-unit/39APN171F274W,Payment,Trade Shows,"",PX76VCR9GS4PJV9RGEKEPJYVYM,Cynthia Clark,"",ea,1
08/03/19,15:00:39,Central Time (US & Canada),Fabric,1 yd - 2 for 22,1.0,Regular,"","",$11.00,$0.00,$11.00,$0.80,vIPZrOgnfJl5bGjkMaWZPC1eV,Ejp4GJDoMdS3MdCn9cmrfxMF,Stephanie Brandenburg,"",https://squareup.com/dashboard/sales/transactions/vIPZrOgnfJl5bGjkMaWZPC1eV/by-unit/39APN171F274W,Payment,Trade Shows,"",H363CNBX3N08JSMSTEFEM6G2WW,Vanessa Mcdade,"",ea,1
08/03/19,15:00:39,Central Time (US & Canada),Fabric,2 For 22,1.0,Regular Price,"","",$22.00,$0.00,$22.00,$1.59,vIPZrOgnfJl5bGjkMaWZPC1eV,Ejp4GJDoMdS3MdCn9cmrfxMF,Stephanie Brandenburg,"",https://squareup.com/dashboard/sales/transactions/vIPZrOgnfJl5bGjkMaWZPC1eV/by-unit/39APN171F274W,Payment,Trade Shows,"",H363CNBX3N08JSMSTEFEM6G2WW,Vanessa Mcdade,"",ea,1
08/03/19,14:49:12,Central Time (US & Canada),Fabric,2 For 22,1.0,Regular Price,"","",$22.00,$0.00,$22.00,$1.60,fcbmElz7EqQGE9ROwOBW0W4eV,IrLwNnDjNX5nQR0GZtQIzyMF,Stephanie Brandenburg,"",https://squareup.com/dashboard/sales/transactions/fcbmElz7EqQGE9ROwOBW0W4eV/by-unit/39APN171F274W,Payment,Trade Shows,"",15KWGJBADS0SGPBWE8S9D5G624,Susan Clark,"",ea,1
08/03/19,14:47:08,Central Time (US & Canada),Fabric,2 For 22,2.0,Regular Price,"","",$44.00,$0.00,$44.00,$3.19,HYPGMn3brcig4MoBLOOjPuheV,X5t8XT3V2yNptngud8kh2uMF,Stephanie Brandenburg,"",https://squareup.com/dashboard/sales/transactions/HYPGMn3brcig4MoBLOOjPuheV/by-unit/39APN171F274W,Payment,Trade Shows,"",TK4CETBMDH09MR21JHKED36QMG,Melanie Dantzler,"",ea,2
08/03/19,14:47:08,Central Time (US & Canada),Fabric,1 yd - 2 for 22,1.0,Regular,"","",$11.00,$0.00,$11.00,$0.80,HYPGMn3brcig4MoBLOOjPuheV,X5t8XT3V2yNptngud8kh2uMF,Stephanie Brandenburg,"",https://squareup.com/dashboard/sales/transactions/HYPGMn3brcig4MoBLOOjPuheV/by-unit/39APN171F274W,Payment,Trade Shows,"",TK4CETBMDH09MR21JHKED36QMG,Melanie Dantzler,"",ea,1
08/03/19,14:00:11,Central Time (US & Canada),Fabric,Cotton Fabric,1.0,Regular,"",1 yd,$12.50,$0.00,$12.50,$0.88,g6UPUc1gwnr74ndXA4i0RwMF,AEhTgfcUg4e8oYMhJi05S,iPad,"",https://squareup.com/dashboard/sales/transactions/g6UPUc1gwnr74ndXA4i0RwMF/by-unit/0WT1WCKZW65WD,Payment,Cedar Rapids,"","","","",ea,1
08/03/19,12:44:32,Central Time (US & Canada),Fabric,2 For 22,1.0,Regular Price,"","",$22.00,$0.00,$22.00,$1.60,7geeMYXAHdMHSLGxOuSoUCieV,D4GVCTBACDCFUko1GEfaLQB,Stephanie Brandenburg,"",https://squareup.com/dashboard/sales/transactions/7geeMYXAHdMHSLGxOuSoUCieV/by-unit/39APN171F274W,Payment,Trade Shows,"","","","",ea,1
08/03/19,12:20:07,Central Time (US & Canada),Fabric,2 For 22,1.0,Regular Price,"","",$22.00,$0.00,$22.00,$1.60,HM7HY9KWXZlkG6W4LFnDJu2eV,jfbMVVBN1RCrGFBi7PP0twMF,Stephanie Brandenburg,"",https://squareup.com/dashboard/sales/transactions/HM7HY9KWXZlkG6W4LFnDJu2eV/by-unit/39APN171F274W,Payment,Trade Shows,"",ZNRWTS354108RJQPNBFQ0JCD2G,Sonia Noel,"",ea,1
08/03/19,12:06:52,Central Time (US & Canada),Fabric,2 For 22,1.0,Regular Price,"","",$22.00,$0.00,$22.00,$1.60,lhUaCW6bmrN4wqvE4TcJyqteV,ZHoT1vpJQ34wYLviQEyrKQB,Stephanie Brandenburg,"",https://squareup.com/dashboard/sales/transactions/lhUaCW6bmrN4wqvE4TcJyqteV/by-unit/39APN171F274W,Payment,Trade Shows,"","","","",ea,1
08/03/19,11:56:00,Central Time (US & Canada),None,Custom Amount,1.0,"","","",$31.99,$0.00,$31.99,$2.32,hlhv0DEuBZwE83u6EeGwDveeV,0hKG7WnbJfKRYoDn72JwTuMF,Stephanie Brandenburg,"",https://squareup.com/dashboard/sales/transactions/hlhv0DEuBZwE83u6EeGwDveeV/by-unit/39APN171F274W,Payment,Trade Shows,"",F13WAR798563MMZ30S5H7SNKTG,Shawna Hernandez,"",ea,1
08/03/19,11:41:06,Central Time (US & Canada),None,Custom Amount,1.0,"","","",$20.00,$0.00,$20.00,$1.40,EA4M6B2phTCnvopFz7xiuvMF,O3XhbZXQNrYyoy8WYCo5S,iPad,"",https://squareup.com/dashboard/sales/transactions/EA4M6B2phTCnvopFz7xiuvMF/by-unit/0WT1WCKZW65WD,Payment,Cedar Rapids,"","","","",ea,1
08/03/19,11:37:49,Central Time (US & Canada),Fabric,Dandelion 2 For 36.80,2.0,Regular Price,"","",$73.60,$0.00,$73.60,$5.34,z2JpIHP1XdvGZ10g3nqgggqeV,D2fYDRxqXnGcBlGrHqOmztMF,Stephanie Brandenburg,"",https://squareup.com/dashboard/sales/transactions/z2JpIHP1XdvGZ10g3nqgggqeV/by-unit/39APN171F274W,Payment,Trade Shows,"",AV1GWKWRFH09TKT8S7YF48KFZM,Michael Languell,"",ea,2
08/03/19,11:09:21,Central Time (US & Canada),Sample Spree,The Flower Tour,1.0,Regular,"","",$59.00,$0.00,$59.00,$0.00,lvFxTU1qXn3ELeN05ABm890eV,fSsliIaFahbtNK0J6AfTVxMF,Stephanie Brandenburg,"",https://squareup.com/dashboard/sales/transactions/lvFxTU1qXn3ELeN05ABm890eV/by-unit/39APN171F274W,Payment,Trade Shows,"",0RT81F9GG51ZJGM0ACNM009EG4,Patricia Smith,"",ea,1
08/03/19,11:09:21,Central Time (US & Canada),Bundles,Flower Power Panel Pack,1.0,Regular,"","",$26.99,$0.00,$26.99,$1.96,lvFxTU1qXn3ELeN05ABm890eV,fSsliIaFahbtNK0J6AfTVxMF,Stephanie Brandenburg,"",https://squareup.com/dashboard/sales/transactions/lvFxTU1qXn3ELeN05ABm890eV/by-unit/39APN171F274W,Payment,Trade Shows,"",0RT81F9GG51ZJGM0ACNM009EG4,Patricia Smith,"",ea,1
08/03/19,11:00:26,Central Time (US & Canada),Fabric,2 For 22,1.0,Regular Price,"","",$22.00,$0.00,$22.00,$1.60,15GZVjXGYNgzeptDibNA340eV,Jld0zmfoPkNBrVyGsswBKQB,Stephanie Brandenburg,"",https://squareup.com/dashboard/sales/transactions/15GZVjXGYNgzeptDibNA340eV/by-unit/39APN171F274W,Payment,Trade Shows,"","","","",ea,1
08/03/19,11:00:01,Central Time (US & Canada),None,Custom Amount,1.0,"","","",$18.50,$0.00,$18.50,$0.00,pF9i2LHc1QKdoPhsgfeG2D1eV,BS9gzCiTHE2TEiwIC0rMAuMF,"",Order #2926 from Frond Design Studios,https://squareup.com/dashboard/sales/transactions/pF9i2LHc1QKdoPhsgfeG2D1eV/by-unit/42TJQ2B36EQBG,Payment,Web,"","","","",ea,1
08/03/19,10:58:55,Central Time (US & Canada),Fabric,2 For 22,1.0,Regular Price,"","",$22.00,$0.00,$22.00,$1.60,fqa05zX6LcFO56prYppPDiteV,Hm45xDgejv5xpapV7CoFLQB,Stephanie Brandenburg,"",https://squareup.com/dashboard/sales/transactions/fqa05zX6LcFO56prYppPDiteV/by-unit/39APN171F274W,Payment,Trade Shows,"","","","",ea,1
08/03/19,10:56:42,Central Time (US & Canada),Antiques,Antique - add NOTE,1.0,MAB,"","",$29.00,$0.00,$29.00,$2.03,W3T4hG9HueOsO3AhjjcjEwMF,"SYnoDs2qXwUAawhNYfdjFuMF, ccIgCJMGxHPNSSPsXk55S",iPad,518A21,https://squareup.com/dashboard/sales/transactions/W3T4hG9HueOsO3AhjjcjEwMF/by-unit/0WT1WCKZW65WD,Payment,Cedar Rapids,"",", ",", ",", ",ea,1
08/03/19,10:56:42,Central Time (US & Canada),Antiques,Antique - add NOTE,1.0,MAB,"","",$14.99,$0.00,$14.99,$1.05,W3T4hG9HueOsO3AhjjcjEwMF,"SYnoDs2qXwUAawhNYfdjFuMF, ccIgCJMGxHPNSSPsXk55S",iPad,518 A28,https://squareup.com/dashboard/sales/transactions/W3T4hG9HueOsO3AhjjcjEwMF/by-unit/0WT1WCKZW65WD,Payment,Cedar Rapids,"",", ",", ",", ",ea,1
08/03/19,10:47:01,Central Time (US & Canada),Fabric,2 For 22,1.0,Regular Price,"","",$22.00,$0.00,$22.00,$1.60,zOJNLk2YBIvFToKTXPHOXVxeV,HaQm2m2v4KbvDwrjouk1JQB,Stephanie Brandenburg,"",https://squareup.com/dashboard/sales/transactions/zOJNLk2YBIvFToKTXPHOXVxeV/by-unit/39APN171F274W,Payment,Trade Shows,"","","","",ea,1
08/03/19,10:34:54,Central Time (US & Canada),Fabric,Fat Quarters 3 For $10,1.0,Regular,"","",$10.00,$0.00,$10.00,$0.70,kE24tGL8r8FBOdZHpNwpUwMF,ssgUtAK4Emc344kBlJ35S,iPad,"",https://squareup.com/dashboard/sales/transactions/kE24tGL8r8FBOdZHpNwpUwMF/by-unit/0WT1WCKZW65WD,Payment,Cedar Rapids,"","","","",ea,1
08/03/19,10:34:54,Central Time (US & Canada),None,Custom Amount,1.0,"","","",$5.99,$0.00,$5.99,$0.42,kE24tGL8r8FBOdZHpNwpUwMF,ssgUtAK4Emc344kBlJ35S,iPad,Silk thread ,https://squareup.com/dashboard/sales/transactions/kE24tGL8r8FBOdZHpNwpUwMF/by-unit/0WT1WCKZW65WD,Payment,Cedar Rapids,"","","","",ea,1
08/03/19,10:34:54,Central Time (US & Canada),None,Custom Amount,1.0,"","","",$5.99,$0.00,$5.99,$0.42,kE24tGL8r8FBOdZHpNwpUwMF,ssgUtAK4Emc344kBlJ35S,iPad,"",https://squareup.com/dashboard/sales/transactions/kE24tGL8r8FBOdZHpNwpUwMF/by-unit/0WT1WCKZW65WD,Payment,Cedar Rapids,"","","","",ea,1
08/03/19,10:31:35,Central Time (US & Canada),Fabric,2 For 22,1.0,Regular Price,"","",$22.00,$0.00,$22.00,$1.60,RZZSnr4YQ9qHuJ3tX65uddmeV,c4I7Jvtjdhw8DaoTWDtHysMF,Stephanie Brandenburg,"",https://squareup.com/dashboard/sales/transactions/RZZSnr4YQ9qHuJ3tX65uddmeV/by-unit/39APN171F274W,Payment,Trade Shows,"",9SM2QDSX5X7FAX1Y8ABX8WR2J8,Sally Maxwell,"",ea,1
08/03/19,10:07:14,Central Time (US & Canada),None,Custom Amount,1.0,"","","",$15.00,$0.00,$15.00,$1.05,Ak7unV46279gWFO8OOIF0sMF,yvaryyUvs6HanSE13i75S,iPad,Class late sign up,https://squareup.com/dashboard/sales/transactions/Ak7unV46279gWFO8OOIF0sMF/by-unit/0WT1WCKZW65WD,Payment,Cedar Rapids,"","","","",ea,1
08/03/19,10:07:14,Central Time (US & Canada),None,Custom Amount,1.0,"","","",$15.00,$0.00,$15.00,$1.05,Ak7unV46279gWFO8OOIF0sMF,yvaryyUvs6HanSE13i75S,iPad,Class late sign up,https://squareup.com/dashboard/sales/transactions/Ak7unV46279gWFO8OOIF0sMF/by-unit/0WT1WCKZW65WD,Payment,Cedar Rapids,"","","","",ea,1
08/03/19,10:07:14,Central Time (US & Canada),None,Custom Amount,1.0,"","","",$15.00,$0.00,$15.00,$1.05,Ak7unV46279gWFO8OOIF0sMF,yvaryyUvs6HanSE13i75S,iPad,Class late sign up,https://squareup.com/dashboard/sales/transactions/Ak7unV46279gWFO8OOIF0sMF/by-unit/0WT1WCKZW65WD,Payment,Cedar Rapids,"","","","",ea,1
08/03/19,09:33:30,Central Time (US & Canada),Fabric,2 For 22,4.0,Regular Price,"","",$88.00,$0.00,$88.00,$6.38,7uBI4Fo87sPhwKqqxU4uhczeV,r1rdKHzuMvin5pVIzQEiXwMF,Stephanie Brandenburg,"",https://squareup.com/dashboard/sales/transactions/7uBI4Fo87sPhwKqqxU4uhczeV/by-unit/39APN171F274W,Payment,Trade Shows,"",Q7WG2XYGKX4B2WPQD1V0BVYBJC,Nancy Johnson,"",ea,4
08/02/19,16:13:56,Central Time (US & Canada),Fabric,2 For 22,1.0,Regular Price,"","",$22.00,$0.00,$22.00,$1.59,RTQZKCikk7gKt3lIFUoPED1eV,3Fkk85HOAiCwJGPf5v978wMF,Stephanie Brandenburg,"",https://squareup.com/dashboard/sales/transactions/RTQZKCikk7gKt3lIFUoPED1eV/by-unit/39APN171F274W,Payment,Trade Shows,"",SD2KN7BG8976TSKC3822VNV39R,Karen Palmer,"",ea,1
08/02/19,16:13:56,Central Time (US & Canada),Fabric,1 yd - 2 for 22,1.0,Regular,"","",$11.00,$0.00,$11.00,$0.80,RTQZKCikk7gKt3lIFUoPED1eV,3Fkk85HOAiCwJGPf5v978wMF,Stephanie Brandenburg,"",https://squareup.com/dashboard/sales/transactions/RTQZKCikk7gKt3lIFUoPED1eV/by-unit/39APN171F274W,Payment,Trade Shows,"",SD2KN7BG8976TSKC3822VNV39R,Karen Palmer,"",ea,1
08/02/19,16:13:56,Central Time (US & Canada),Fabric,Dandelion 2 For 36.80,1.0,Regular Price,"","",$36.80,$0.00,$36.80,$2.67,RTQZKCikk7gKt3lIFUoPED1eV,3Fkk85HOAiCwJGPf5v978wMF,Stephanie Brandenburg,"",https://squareup.com/dashboard/sales/transactions/RTQZKCikk7gKt3lIFUoPED1eV/by-unit/39APN171F274W,Payment,Trade Shows,"",SD2KN7BG8976TSKC3822VNV39R,Karen Palmer,"",ea,1
08/02/19,16:13:56,Central Time (US & Canada),None,Custom Amount,1.0,"","","",$18.40,$0.00,$18.40,$0.00,RTQZKCikk7gKt3lIFUoPED1eV,3Fkk85HOAiCwJGPf5v978wMF,Stephanie Brandenburg,"",https://squareup.com/dashboard/sales/transactions/RTQZKCikk7gKt3lIFUoPED1eV/by-unit/39APN171F274W,Payment,Trade Shows,"",SD2KN7BG8976TSKC3822VNV39R,Karen Palmer,"",ea,1
08/02/19,15:57:10,Central Time (US & Canada),Fabric,2 For 22,3.0,Regular Price,"","",$66.00,$0.00,$66.00,$4.78,xDqMv5gqeOLtzON0hxh0YMqeV,gmfwFHQ1glxFgtNDJdhyFuMF,Stephanie Brandenburg,"",https://squareup.com/dashboard/sales/transactions/xDqMv5gqeOLtzON0hxh0YMqeV/by-unit/39APN171F274W,Payment,Trade Shows,"",0T09MVT4Q12RTJSPT2FTAAF940,Dietra Deanhardt,"",ea,3
08/02/19,15:25:27,Central Time (US & Canada),Fabric,2 For 22,1.0,Regular Price,"","",$22.00,$0.00,$22.00,$1.60,nC0G8Ue2tJzJqVUfLfMcLFfeV,5zG9keb8rlm7vi5PMsLmLQB,Stephanie Brandenburg,"",https://squareup.com/dashboard/sales/transactions/nC0G8Ue2tJzJqVUfLfMcLFfeV/by-unit/39APN171F274W,Payment,Trade Shows,"","","","",ea,1
08/02/19,15:08:29,Central Time (US & Canada),Fabric,Dandelion 2 For 36.80,4.0,Regular Price,"","",$147.20,$0.00,$147.20,$10.67,7yF7tNhc0RzOOw5uLGvz5dmeV,765po1d2EktKO5Q9axprKQB,Stephanie Brandenburg,"",https://squareup.com/dashboard/sales/transactions/7yF7tNhc0RzOOw5uLGvz5dmeV/by-unit/39APN171F274W,Payment,Trade Shows,"","","","",ea,4
08/02/19,14:53:27,Central Time (US & Canada),None,Custom Amount,1.0,"","","",$129.99,$0.00,$129.99,$9.42,ddOBTCJn0qSBeOv5hNsvOUyeV,P7ZCPLpWGoznRkRTWtChFwMF,Stephanie Brandenburg,Morse. Ode,https://squareup.com/dashboard/sales/transactions/ddOBTCJn0qSBeOv5hNsvOUyeV/by-unit/39APN171F274W,Payment,Trade Shows,"",66AWJCHDGH27PSRCXB55K1T5P8,Suszon Daniel,"",ea,1
08/02/19,14:48:30,Central Time (US & Canada),None,Custom Amount,1.0,"","","",$119.99,$0.00,$119.99,$8.70,FrVcQPwaXbisDOqqh9RxIA5eV,zBQY9bfyDVfZSHdgb1S91vMF,Stephanie Brandenburg,"",https://squareup.com/dashboard/sales/transactions/FrVcQPwaXbisDOqqh9RxIA5eV/by-unit/39APN171F274W,Payment,Trade Shows,"",X6V71H5V0D4X4KZ1KZ0J94V338,Renee Page,"",ea,1
08/02/19,14:30:39,Central Time (US & Canada),Fabric,2 For 22,4.0,Regular Price,"","",$88.00,$0.00,$88.00,$6.38,JJXW2kTjTBjsXSyLnPXEei8eV,AhdDmy3ww5ljMUu892jcvsMF,Stephanie Brandenburg,"",https://squareup.com/dashboard/sales/transactions/JJXW2kTjTBjsXSyLnPXEei8eV/by-unit/39APN171F274W,Payment,Trade Shows,"",CFZ7NGY7K55VMGZEK487Q2HP20,Susanne Rallis,"",ea,4
08/02/19,14:25:11,Central Time (US & Canada),Fabric,Cotton Panel,1.0,Double,"","",$18.00,$0.00,$18.00,$1.30,zwmHjhBvAjNGSeSNWn3LG2ueV,GuwoOthgauUsQHlzY8Qb1vMF,Stephanie Brandenburg,"",https://squareup.com/dashboard/sales/transactions/zwmHjhBvAjNGSeSNWn3LG2ueV/by-unit/39APN171F274W,Payment,Trade Shows,"",340N0GJAXH4HPQH9YYGNDXFW2W,Margaret Joplin,"",ea,1
08/02/19,14:25:11,Central Time (US & Canada),Fabric,2 For 22,3.0,Regular Price,"","",$66.00,$0.00,$66.00,$4.79,zwmHjhBvAjNGSeSNWn3LG2ueV,GuwoOthgauUsQHlzY8Qb1vMF,Stephanie Brandenburg,"",https://squareup.com/dashboard/sales/transactions/zwmHjhBvAjNGSeSNWn3LG2ueV/by-unit/39APN171F274W,Payment,Trade Shows,"",340N0GJAXH4HPQH9YYGNDXFW2W,Margaret Joplin,"",ea,3
08/02/19,14:25:11,Central Time (US & Canada),None,Custom Amount,1.0,"","","",$5.50,$0.00,$5.50,$0.00,zwmHjhBvAjNGSeSNWn3LG2ueV,GuwoOthgauUsQHlzY8Qb1vMF,Stephanie Brandenburg,"",https://squareup.com/dashboard/sales/transactions/zwmHjhBvAjNGSeSNWn3LG2ueV/by-unit/39APN171F274W,Payment,Trade Shows,"",340N0GJAXH4HPQH9YYGNDXFW2W,Margaret Joplin,"",ea,1
08/02/19,14:20:53,Central Time (US & Canada),Fabric,2 For 22,1.0,Regular Price,"","",$22.00,$0.00,$22.00,$1.60,V1qErrNK16l7eMcmjAgdNnoeV,Ew72MTUYPk7OYgtBCKee3wMF,Stephanie Brandenburg,"",https://squareup.com/dashboard/sales/transactions/V1qErrNK16l7eMcmjAgdNnoeV/by-unit/39APN171F274W,Payment,Trade Shows,"",D25BTTFAEN79YRC7Z3KRSPFEB4,Laura Monteleone,"",ea,1
08/02/19,14:20:02,Central Time (US & Canada),None,Custom Amount,3.0,"","","",$18.75,$0.00,$18.75,$1.36,jAcYVvJLcGXvYBOQ1UruISAfV,14LyTUPXgVthQp1yxBfpFwMF,Stephanie Brandenburg,"",https://squareup.com/dashboard/sales/transactions/jAcYVvJLcGXvYBOQ1UruISAfV/by-unit/39APN171F274W,Payment,Trade Shows,"",D3QFTVH7SS15YYBW3V4HXE95ZC,Joyce White,"",ea,3
08/02/19,14:20:02,Central Time (US & Canada),None,Custom Amount,1.0,"","","",$14.00,$0.00,$14.00,$0.00,jAcYVvJLcGXvYBOQ1UruISAfV,14LyTUPXgVthQp1yxBfpFwMF,Stephanie Brandenburg,"",https://squareup.com/dashboard/sales/transactions/jAcYVvJLcGXvYBOQ1UruISAfV/by-unit/39APN171F274W,Payment,Trade Shows,"",D3QFTVH7SS15YYBW3V4HXE95ZC,Joyce White,"",ea,1
08/02/19,14:09:56,Central Time (US & Canada),None,Juxtaposition-blenders,1.0,Regular,"","",$19.99,$0.00,$19.99,$0.00,z6h4sOqhPffPOootPRQ8SSqeV,Wof7XTGXR2OTqo3DssSCeyMF,Stephanie Brandenburg,"",https://squareup.com/dashboard/sales/transactions/z6h4sOqhPffPOootPRQ8SSqeV/by-unit/39APN171F274W,Payment,Trade Shows,"",GBSH97Q37H4PPT3XGAA6HZF9P0,Sarah Semones,"",ea,1
08/02/19,14:09:56,Central Time (US & Canada),Fabric,2 For 22,5.0,Regular Price,"","",$110.00,$0.00,$110.00,$7.97,z6h4sOqhPffPOootPRQ8SSqeV,Wof7XTGXR2OTqo3DssSCeyMF,Stephanie Brandenburg,"",https://squareup.com/dashboard/sales/transactions/z6h4sOqhPffPOootPRQ8SSqeV/by-unit/39APN171F274W,Payment,Trade Shows,"",GBSH97Q37H4PPT3XGAA6HZF9P0,Sarah Semones,"",ea,5
08/02/19,14:09:56,Central Time (US & Canada),Fabric,1 yd - 2 for 22,1.0,Regular,"","",$11.00,$0.00,$11.00,$0.80,z6h4sOqhPffPOootPRQ8SSqeV,Wof7XTGXR2OTqo3DssSCeyMF,Stephanie Brandenburg,"",https://squareup.com/dashboard/sales/transactions/z6h4sOqhPffPOootPRQ8SSqeV/by-unit/39APN171F274W,Payment,Trade Shows,"",GBSH97Q37H4PPT3XGAA6HZF9P0,Sarah Semones,"",ea,1
08/02/19,14:04:41,Central Time (US & Canada),None,Custom Amount,2.0,"","","",$39.98,$0.00,$39.98,$2.90,TQUQmvBzT3gdkCylpnk6yxpeV,Y1L3rpI1682JM69zn0ClfzMF,Stephanie Brandenburg,"",https://squareup.com/dashboard/sales/transactions/TQUQmvBzT3gdkCylpnk6yxpeV/by-unit/39APN171F274W,Payment,Trade Shows,"",FY6Y9P16CD450VVCRMV4VQGW0W,Kimberly Mills,"",ea,2
08/02/19,14:04:41,Central Time (US & Canada),None,Custom Amount,1.0,"","","",$55.00,$0.00,$55.00,$0.00,TQUQmvBzT3gdkCylpnk6yxpeV,Y1L3rpI1682JM69zn0ClfzMF,Stephanie Brandenburg,"",https://squareup.com/dashboard/sales/transactions/TQUQmvBzT3gdkCylpnk6yxpeV/by-unit/39APN171F274W,Payment,Trade Shows,"",FY6Y9P16CD450VVCRMV4VQGW0W,Kimberly Mills,"",ea,1
08/02/19,14:04:41,Central Time (US & Canada),Fabric,2 For 22,3.0,Regular Price,"","",$66.00,$0.00,$66.00,$4.78,TQUQmvBzT3gdkCylpnk6yxpeV,Y1L3rpI1682JM69zn0ClfzMF,Stephanie Brandenburg,"",https://squareup.com/dashboard/sales/transactions/TQUQmvBzT3gdkCylpnk6yxpeV/by-unit/39APN171F274W,Payment,Trade Shows,"",FY6Y9P16CD450VVCRMV4VQGW0W,Kimberly Mills,"",ea,3
08/02/19,14:04:41,Central Time (US & Canada),None,Custom Amount,1.0,"","","",$5.50,$0.00,$5.50,$0.00,TQUQmvBzT3gdkCylpnk6yxpeV,Y1L3rpI1682JM69zn0ClfzMF,Stephanie Brandenburg,"",https://squareup.com/dashboard/sales/transactions/TQUQmvBzT3gdkCylpnk6yxpeV/by-unit/39APN171F274W,Payment,Trade Shows,"",FY6Y9P16CD450VVCRMV4VQGW0W,Kimberly Mills,"",ea,1
08/02/19,14:04:41,Central Time (US & Canada),Fabric,2 For 22,1.0,Regular Price,"","",$22.00,$0.00,$22.00,$1.60,TQUQmvBzT3gdkCylpnk6yxpeV,Y1L3rpI1682JM69zn0ClfzMF,Stephanie Brandenburg,"Medusa xylem
Orange
Kim Mills
106 Champions Path
Yorktown, VA 23693",https://squareup.com/dashboard/sales/transactions/TQUQmvBzT3gdkCylpnk6yxpeV/by-unit/39APN171F274W,Payment,Trade Shows,"",FY6Y9P16CD450VVCRMV4VQGW0W,Kimberly Mills,"",ea,1
08/02/19,13:55:46,Central Time (US & Canada),2019 Row X Row,Edible Garden Sound Waves Kit,1.0,Regular,"","",$14.50,$0.00,$14.50,$1.02,ir07qhEcOPXSSiQbFbhZSsMF,NnjE4gvQqgwfFZRRG0We8wMF,iPad,"",https://squareup.com/dashboard/sales/transactions/ir07qhEcOPXSSiQbFbhZSsMF/by-unit/0WT1WCKZW65WD,Payment,Cedar Rapids,"",1RGJYMX3BX1D8SPRECGQBEDJYM,justduckling@gmail.com,"",ea,1
08/02/19,13:50:26,Central Time (US & Canada),Fabric,2 For 22,2.0,Regular Price,"","",$44.00,$0.00,$44.00,$3.19,zKlsjMCko4L0KDsNhhMcYvpeV,oFCtLxuQhC7gHVZDGlWuzvMF,Stephanie Brandenburg,"",https://squareup.com/dashboard/sales/transactions/zKlsjMCko4L0KDsNhhMcYvpeV/by-unit/39APN171F274W,Payment,Trade Shows,"",VY5VNA60094V0Y0PFH28GJFNKG,Kimberly Battle,"",ea,2
08/02/19,13:50:26,Central Time (US & Canada),None,Custom Amount,1.0,"","","",$50.00,$0.00,$50.00,$3.63,zKlsjMCko4L0KDsNhhMcYvpeV,oFCtLxuQhC7gHVZDGlWuzvMF,Stephanie Brandenburg,"54x72
Canvas 
Kim Battle
3217 Coachmans Way
Durham, NC 27705",https://squareup.com/dashboard/sales/transactions/zKlsjMCko4L0KDsNhhMcYvpeV/by-unit/39APN171F274W,Payment,Trade Shows,"",VY5VNA60094V0Y0PFH28GJFNKG,Kimberly Battle,"",ea,1
08/02/19,13:45:16,Central Time (US & Canada),Fabric,2 For 22,2.0,Regular Price,"","",$44.00,$0.00,$44.00,$3.19,fUV3J3b6hcCAvgWXFX6lbpweV,yc5Fktg4u8SoG2yOkn0qCxMF,Stephanie Brandenburg,"",https://squareup.com/dashboard/sales/transactions/fUV3J3b6hcCAvgWXFX6lbpweV/by-unit/39APN171F274W,Payment,Trade Shows,"",D3QFTVH7SS15YYBW3V4HXE95ZC,Joyce White,"",ea,2
08/02/19,13:45:16,Central Time (US & Canada),None,Custom Amount,1.0,"","","",$2.75,$0.00,$2.75,$0.20,fUV3J3b6hcCAvgWXFX6lbpweV,yc5Fktg4u8SoG2yOkn0qCxMF,Stephanie Brandenburg,"",https://squareup.com/dashboard/sales/transactions/fUV3J3b6hcCAvgWXFX6lbpweV/by-unit/39APN171F274W,Payment,Trade Shows,"",D3QFTVH7SS15YYBW3V4HXE95ZC,Joyce White,"",ea,1
08/02/19,13:35:55,Central Time (US & Canada),None,Custom Amount,4.0,"","","",$14.00,$0.00,$14.00,$1.02,RbOCWVsFITsMcpbHnhCURf9eV,PK2sfu90tLSt3kg6qLcBewMF,Stephanie Brandenburg,"",https://squareup.com/dashboard/sales/transactions/RbOCWVsFITsMcpbHnhCURf9eV/by-unit/39APN171F274W,Payment,Trade Shows,"",D25BTTFAEN79YRC7Z3KRSPFEB4,Laura Monteleone,"",ea,4
08/02/19,13:35:55,Central Time (US & Canada),None,Custom Amount,1.0,"","","",$6.25,$0.00,$6.25,$0.00,RbOCWVsFITsMcpbHnhCURf9eV,PK2sfu90tLSt3kg6qLcBewMF,Stephanie Brandenburg,"",https://squareup.com/dashboard/sales/transactions/RbOCWVsFITsMcpbHnhCURf9eV/by-unit/39APN171F274W,Payment,Trade Shows,"",D25BTTFAEN79YRC7Z3KRSPFEB4,Laura Monteleone,"",ea,1
08/02/19,13:34:05,Central Time (US & Canada),None,Custom Amount,1.0,"","","",$29.00,$0.00,$29.00,$2.10,jIMKlMJINOcCS667UYDSucteV,j5cVS7KZc4SrcWsdcYq2jtMF,Stephanie Brandenburg,Mug,https://squareup.com/dashboard/sales/transactions/jIMKlMJINOcCS667UYDSucteV/by-unit/39APN171F274W,Payment,Trade Shows,"",21STX9WQT10TPZH3S1FQ3CJ668,James Vanhook,"",ea,1
08/02/19,13:34:05,Central Time (US & Canada),None,Custom Amount,1.0,"","","",$129.99,$0.00,$129.99,$9.43,jIMKlMJINOcCS667UYDSucteV,j5cVS7KZc4SrcWsdcYq2jtMF,Stephanie Brandenburg,Lacey wishes,https://squareup.com/dashboard/sales/transactions/jIMKlMJINOcCS667UYDSucteV/by-unit/39APN171F274W,Payment,Trade Shows,"",21STX9WQT10TPZH3S1FQ3CJ668,James Vanhook,"",ea,1
08/02/19,13:09:19,Central Time (US & Canada),Fabric,2 For 22,1.0,Regular Price,"","",$22.00,$0.00,$22.00,$1.60,NRqGiWGrc6rzBcsp9vZK42eeV,dglehkckjrNwd1JbCyUPvvMF,Stephanie Brandenburg,"",https://squareup.com/dashboard/sales/transactions/NRqGiWGrc6rzBcsp9vZK42eeV/by-unit/39APN171F274W,Payment,Trade Shows,"",1G1GNY6S4X5Q6SGMNSKPWRXEEW,Mermin Ellen,"",ea,1
08/02/19,13:03:55,Central Time (US & Canada),Fabric,2 For 22,1.0,Regular Price,"","",$22.00,$0.00,$22.00,$1.59,PMltgj9kdw9GyHFyYrgZloveV,TgaBVgwpo1WvNiYcs1qwKQB,Stephanie Brandenburg,"",https://squareup.com/dashboard/sales/transactions/PMltgj9kdw9GyHFyYrgZloveV/by-unit/39APN171F274W,Payment,Trade Shows,"","","","",ea,1
08/02/19,13:03:55,Central Time (US & Canada),None,Custom Amount,1.0,"","","",$5.50,$0.00,$5.50,$0.40,PMltgj9kdw9GyHFyYrgZloveV,TgaBVgwpo1WvNiYcs1qwKQB,Stephanie Brandenburg,"",https://squareup.com/dashboard/sales/transactions/PMltgj9kdw9GyHFyYrgZloveV/by-unit/39APN171F274W,Payment,Trade Shows,"","","","",ea,1
08/02/19,12:40:33,Central Time (US & Canada),Fabric,2 For 22,1.0,Regular Price,"","",$22.00,$0.00,$22.00,$1.60,xBRYLbJfjfPyTkCaOz1JVC1eV,x15twjb7yWTpCNRGlZDgpvMF,Stephanie Brandenburg,"",https://squareup.com/dashboard/sales/transactions/xBRYLbJfjfPyTkCaOz1JVC1eV/by-unit/39APN171F274W,Payment,Trade Shows,"",19KGXB9GES5E0KDA90XAHBB174,Joan Meyer,"",ea,1
08/02/19,12:29:17,Central Time (US & Canada),Fabric,2 For 22,1.0,Regular Price,"","",$22.00,$0.00,$22.00,$1.60,nWGKWdQOcUlz6FW8F6l80b6eV,c15sNynpDJSPAIJQBf4wvyMF,Stephanie Brandenburg,"",https://squareup.com/dashboard/sales/transactions/nWGKWdQOcUlz6FW8F6l80b6eV/by-unit/39APN171F274W,Payment,Trade Shows,"",WFDANP7J215SRP59TBD4EV28XC,Connie Asero,"",ea,1
08/02/19,12:29:17,Central Time (US & Canada),None,Custom Amount,1.0,"","","",$18.00,$0.00,$18.00,$1.30,nWGKWdQOcUlz6FW8F6l80b6eV,c15sNynpDJSPAIJQBf4wvyMF,Stephanie Brandenburg,Cosmos pattern,https://squareup.com/dashboard/sales/transactions/nWGKWdQOcUlz6FW8F6l80b6eV/by-unit/39APN171F274W,Payment,Trade Shows,"",WFDANP7J215SRP59TBD4EV28XC,Connie Asero,"",ea,1
08/02/19,12:29:17,Central Time (US & Canada),None,Custom Amount,1.0,"","","",$34.99,$0.00,$34.99,$2.54,nWGKWdQOcUlz6FW8F6l80b6eV,c15sNynpDJSPAIJQBf4wvyMF,Stephanie Brandenburg,Cosmos,https://squareup.com/dashboard/sales/transactions/nWGKWdQOcUlz6FW8F6l80b6eV/by-unit/39APN171F274W,Payment,Trade Shows,"",WFDANP7J215SRP59TBD4EV28XC,Connie Asero,"",ea,1
08/02/19,12:29:17,Central Time (US & Canada),None,Custom Amount,1.0,"","","",$37.50,$0.00,$37.50,$2.72,nWGKWdQOcUlz6FW8F6l80b6eV,c15sNynpDJSPAIJQBf4wvyMF,Stephanie Brandenburg,"Canvas
Connie Asero
7784 cypress island drive
Wilmington, NC 28412",https://squareup.com/dashboard/sales/transactions/nWGKWdQOcUlz6FW8F6l80b6eV/by-unit/39APN171F274W,Payment,Trade Shows,"",WFDANP7J215SRP59TBD4EV28XC,Connie Asero,"",ea,1
08/02/19,12:21:12,Central Time (US & Canada),None,Custom Amount,1.0,"","","",$119.99,$0.00,$119.99,$8.70,HqWhiJIb2tiPXiZkQxDEWlneV,snarP2wlFiJ0E5Ye2yUtkvMF,Stephanie Brandenburg,"",https://squareup.com/dashboard/sales/transactions/HqWhiJIb2tiPXiZkQxDEWlneV/by-unit/39APN171F274W,Payment,Trade Shows,"",SRVH2YRGV50RTY0HY41JA7A1Z8,Donna Wright,"",ea,1
08/02/19,12:04:44,Central Time (US & Canada),Fabric,2 For 22,1.0,Regular Price,"","",$22.00,$0.00,$22.00,$1.60,viYPvquBOWbJ3gzYnmOiBr1eV,T6b7JewrYfjWy8LbIfi7JQB,Stephanie Brandenburg,"",https://squareup.com/dashboard/sales/transactions/viYPvquBOWbJ3gzYnmOiBr1eV/by-unit/39APN171F274W,Payment,Trade Shows,"","","","",ea,1
08/02/19,12:03:54,Central Time (US & Canada),Fabric,2 For 22,1.0,Regular Price,"","",$22.00,$0.00,$22.00,$1.60,5tNMzFsJzpJ4yK8ItEAJg12eV,LKTa7NIaGxoTU6LYxJbaLQB,Stephanie Brandenburg,"",https://squareup.com/dashboard/sales/transactions/5tNMzFsJzpJ4yK8ItEAJg12eV/by-unit/39APN171F274W,Payment,Trade Shows,"","","","",ea,1
08/02/19,11:10:38,Central Time (US & Canada),Fabric,2 For 22,1.0,Regular Price,"","",$22.00,$0.00,$22.00,$1.60,3Q5NPCP0r26TgrwcBogTRijeV,ngBfbhQdcxWb326rnRXFLQB,Stephanie Brandenburg,"",https://squareup.com/dashboard/sales/transactions/3Q5NPCP0r26TgrwcBogTRijeV/by-unit/39APN171F274W,Payment,Trade Shows,"","","","",ea,1
08/02/19,11:08:01,Central Time (US & Canada),Kits,Snow in the Garden Runner (24x54 Incl),1.0,Regular,SNOW-DDIV-K,"",$79.00,$0.00,$79.00,$5.73,fEPyGtO6MAvHOmgD9MLIuY9eV,tUKcOJZIQCio68Tk7P4iaxMF,Stephanie Brandenburg,"",https://squareup.com/dashboard/sales/transactions/fEPyGtO6MAvHOmgD9MLIuY9eV/by-unit/39APN171F274W,Payment,Trade Shows,"",XXBZKNT6WX6QGTJ9NCNQF9KJCW,Mary Williams,"",ea,1
08/02/19,10:59:36,Central Time (US & Canada),Kits,Card Catalog - Bkyd Nature (52x72 4 yds),1.0,Regular,CARD-BYNS-K,"",$119.00,$0.00,$119.00,$8.63,bsYwc5dbGYZf5BJeJprkZlmeV,xet8na3cgA9PqVOGaxWW3yMF,Stephanie Brandenburg,"",https://squareup.com/dashboard/sales/transactions/bsYwc5dbGYZf5BJeJprkZlmeV/by-unit/39APN171F274W,Payment,Trade Shows,"",5SZH1KBCDH54AYHCEFG3AM2SMW,Sherry Strum,"",ea,1
08/02/19,10:50:43,Central Time (US & Canada),Fabric,Cotton Fabric,1.0,Regular,"",1 yd,$12.50,$0.00,$12.50,$0.91,FXlFiV8xADQRnrJmW7pI9y2eV,W1Yh0FTjHqN4aG5naYCRayMF,Stephanie Brandenburg,"",https://squareup.com/dashboard/sales/transactions/FXlFiV8xADQRnrJmW7pI9y2eV/by-unit/39APN171F274W,Payment,Trade Shows,"",34ANACWBJX32CPKCHNZ4GXZ7FG,Patricia Askew,"",ea,1
08/02/19,10:46:37,Central Time (US & Canada),Fabric,2 For 22,2.0,Regular Price,"","",$44.00,$0.00,$44.00,$3.19,BD8pSgkHMpgsUDoairEJTrteV,wF2atMhfBaSjSK3gMytLssMF,Stephanie Brandenburg,"",https://squareup.com/dashboard/sales/transactions/BD8pSgkHMpgsUDoairEJTrteV/by-unit/39APN171F274W,Payment,Trade Shows,"",ZE6Y8S3KK93JTQSGVC483Q9BKG,Eileen Eyerman,"",ea,2
08/02/19,09:39:55,Central Time (US & Canada),None,Custom Amount,1.0,"","","",$119.99,$0.00,$119.99,$8.70,JBlPg9TT8BAauDU1VQExVtAfV,AnPCJx0cEJ0WRHUMgTJ1yzMF,Stephanie Brandenburg,"",https://squareup.com/dashboard/sales/transactions/JBlPg9TT8BAauDU1VQExVtAfV/by-unit/39APN171F274W,Payment,Trade Shows,"",FMW38X0MNN0BJM4J5PC5QCEPJG,Patti Springer,"",ea,1
08/02/19,09:29:31,Central Time (US & Canada),Fabric,2 For 22,2.0,Regular Price,"","",$44.00,$0.00,$44.00,$3.19,72xUleQwx6jOGz3DUlAqk5oeV,ACCmlMRenED49GdwYsjRSzMF,Stephanie Brandenburg,"",https://squareup.com/dashboard/sales/transactions/72xUleQwx6jOGz3DUlAqk5oeV/by-unit/39APN171F274W,Payment,Trade Shows,"",1G1GNY6S4X5Q6SGMNSKPWRXEEW,Mermin Ellen,"",ea,2
08/02/19,09:25:16,Central Time (US & Canada),Fabric,2 For 22,3.0,Regular Price,"","",$66.00,$0.00,$66.00,$4.78,9l6V7h8SO3RrKM5VbxZHqU4eV,7YiKww1NgbNDhrAmdoxlKQB,Stephanie Brandenburg,"",https://squareup.com/dashboard/sales/transactions/9l6V7h8SO3RrKM5VbxZHqU4eV/by-unit/39APN171F274W,Payment,Trade Shows,"","","","",ea,3
08/02/19,09:25:16,Central Time (US & Canada),None,Custom Amount,1.0,"","","",$18.40,$0.00,$18.40,$0.00,9l6V7h8SO3RrKM5VbxZHqU4eV,7YiKww1NgbNDhrAmdoxlKQB,Stephanie Brandenburg,"",https://squareup.com/dashboard/sales/transactions/9l6V7h8SO3RrKM5VbxZHqU4eV/by-unit/39APN171F274W,Payment,Trade Shows,"","","","",ea,1
08/02/19,09:25:16,Central Time (US & Canada),Fabric,1 yd - 2 for 22,1.0,Regular,"","",$11.00,$0.00,$11.00,$0.80,9l6V7h8SO3RrKM5VbxZHqU4eV,7YiKww1NgbNDhrAmdoxlKQB,Stephanie Brandenburg,"",https://squareup.com/dashboard/sales/transactions/9l6V7h8SO3RrKM5VbxZHqU4eV/by-unit/39APN171F274W,Payment,Trade Shows,"","","","",ea,1
08/02/19,09:15:07,Central Time (US & Canada),None,Custom Amount,1.0,"","","",$31.99,$0.00,$31.99,$0.00,lj3dvUmzLCHPCzETCmYCdi9eV,eEMO5AX8MDSzNWeSJla43yMF,Stephanie Brandenburg,"",https://squareup.com/dashboard/sales/transactions/lj3dvUmzLCHPCzETCmYCdi9eV/by-unit/39APN171F274W,Payment,Trade Shows,"",5SZH1KBCDH54AYHCEFG3AM2SMW,Sherry Strum,"",ea,1
08/02/19,09:15:07,Central Time (US & Canada),Fabric,2 For 22,2.0,Regular Price,"","",$44.00,$0.00,$44.00,$3.19,lj3dvUmzLCHPCzETCmYCdi9eV,eEMO5AX8MDSzNWeSJla43yMF,Stephanie Brandenburg,"",https://squareup.com/dashboard/sales/transactions/lj3dvUmzLCHPCzETCmYCdi9eV/by-unit/39APN171F274W,Payment,Trade Shows,"",5SZH1KBCDH54AYHCEFG3AM2SMW,Sherry Strum,"",ea,2
08/01/19,16:17:49,Central Time (US & Canada),Fabric,2 For 22,1.0,Regular Price,"","",$22.00,$0.00,$22.00,$1.60,9fD7VYXIAoocgyOZDxkyyfyeV,XjCX36z3YqvCQmYJULkO5vMF,Stephanie Brandenburg,"",https://squareup.com/dashboard/sales/transactions/9fD7VYXIAoocgyOZDxkyyfyeV/by-unit/39APN171F274W,Payment,Trade Shows,"",19P5J2N4MX3GJY71VWS7719HSM,Mary Temple,"",ea,1
08/01/19,15:53:25,Central Time (US & Canada),Fabric,2 For 22,1.0,Regular Price,"","",$22.00,$0.00,$22.00,$1.59,Pu0QKJupO22KEcYDtJ2Pl44eV,LAOChAPIK29d17oVIPOYLQB,Stephanie Brandenburg,"",https://squareup.com/dashboard/sales/transactions/Pu0QKJupO22KEcYDtJ2Pl44eV/by-unit/39APN171F274W,Payment,Trade Shows,"","","","",ea,1
08/01/19,15:53:25,Central Time (US & Canada),Fabric,1 yd - 2 for 22,1.0,Regular,"","",$11.00,$0.00,$11.00,$0.80,Pu0QKJupO22KEcYDtJ2Pl44eV,LAOChAPIK29d17oVIPOYLQB,Stephanie Brandenburg,"",https://squareup.com/dashboard/sales/transactions/Pu0QKJupO22KEcYDtJ2Pl44eV/by-unit/39APN171F274W,Payment,Trade Shows,"","","","",ea,1
08/01/19,15:50:57,Central Time (US & Canada),None,Custom Amount,1.0,"","","",$99.00,$0.00,$99.00,$7.18,jOljSr1gY8EG33MtuPq4WBqeV,YlaFk28bD3YcKXlWfHEIQuMF,Stephanie Brandenburg,Bloom,https://squareup.com/dashboard/sales/transactions/jOljSr1gY8EG33MtuPq4WBqeV/by-unit/39APN171F274W,Payment,Trade Shows,"",A3AQ7K7FTD1W0JQ51DBYM51QQ4,Donna Hunt,"",ea,1
08/01/19,15:49:30,Central Time (US & Canada),Fabric,2 For 22,2.0,Regular Price,"","",$44.00,$0.00,$44.00,$3.19,P4X5zPOiiJD5frtbITKMaQgeV,vk8jx6h1bpsStujynap1mtMF,Stephanie Brandenburg,"",https://squareup.com/dashboard/sales/transactions/P4X5zPOiiJD5frtbITKMaQgeV/by-unit/39APN171F274W,Payment,Trade Shows,"",A3AQ7K7FTD1W0JQ51DBYM51QQ4,Donna Hunt,"",ea,2
08/01/19,15:49:30,Central Time (US & Canada),None,Custom Amount,1.0,"","","",$59.99,$0.00,$59.99,$0.00,P4X5zPOiiJD5frtbITKMaQgeV,vk8jx6h1bpsStujynap1mtMF,Stephanie Brandenburg,"",https://squareup.com/dashboard/sales/transactions/P4X5zPOiiJD5frtbITKMaQgeV/by-unit/39APN171F274W,Payment,Trade Shows,"",A3AQ7K7FTD1W0JQ51DBYM51QQ4,Donna Hunt,"",ea,1
08/01/19,15:43:18,Central Time (US & Canada),Fabric,2 For 22,1.0,Regular Price,"","",$22.00,$0.00,$22.00,$1.60,3cTnPEkRf03zkDUqYSSnbjfeV,qEYJuUbw5M7bg3zuVIXBXvMF,Stephanie Brandenburg,"",https://squareup.com/dashboard/sales/transactions/3cTnPEkRf03zkDUqYSSnbjfeV/by-unit/39APN171F274W,Payment,Trade Shows,"",6W94TK8NMS47EN9S6WTYTM3PY4,Julie Mcbride,"",ea,1
08/01/19,15:20:47,Central Time (US & Canada),Fabric,Dandelion 2 For 36.80,1.0,Regular Price,"","",$36.80,$0.00,$36.80,$2.67,bqFdNqQ28EkNnBWCdjIgrGkeV,N7PHypyXLtwMth4xfDieRzMF,Stephanie Brandenburg,"",https://squareup.com/dashboard/sales/transactions/bqFdNqQ28EkNnBWCdjIgrGkeV/by-unit/39APN171F274W,Payment,Trade Shows,"",1EJMK6EHFX7GYVBFNEF7YM16Z4,Aaryn Fazakerly,"",ea,1
08/01/19,14:27:20,Central Time (US & Canada),Fabric,1 yd - 2 for 22,1.0,Regular,"","",$11.00,$0.00,$11.00,$0.80,t1eTolBYAPPmkv23QNBdAeqeV,rOvQy6ldh4jzfyLH818qasMF,Stephanie Brandenburg,"",https://squareup.com/dashboard/sales/transactions/t1eTolBYAPPmkv23QNBdAeqeV/by-unit/39APN171F274W,Payment,Trade Shows,"",jwFq_LeBrtngIHSB,Carol Guy,"",ea,1
08/01/19,14:27:20,Central Time (US & Canada),Fabric,2 For 22,1.0,Regular Price,"","",$22.00,$0.00,$22.00,$1.59,t1eTolBYAPPmkv23QNBdAeqeV,rOvQy6ldh4jzfyLH818qasMF,Stephanie Brandenburg,"",https://squareup.com/dashboard/sales/transactions/t1eTolBYAPPmkv23QNBdAeqeV/by-unit/39APN171F274W,Payment,Trade Shows,"",jwFq_LeBrtngIHSB,Carol Guy,"",ea,1
08/01/19,14:26:18,Central Time (US & Canada),Fabric,2 For 22,1.0,Regular Price,"","",$22.00,$0.00,$22.00,$1.60,FBGzUOz6BpZO3MkMDvbhXU4eV,JnyqdE7iMCemak6ahFQ1JQB,Stephanie Brandenburg,"",https://squareup.com/dashboard/sales/transactions/FBGzUOz6BpZO3MkMDvbhXU4eV/by-unit/39APN171F274W,Payment,Trade Shows,"","","","",ea,1
08/01/19,13:47:02,Central Time (US & Canada),Fabric,2 For 22,1.0,Regular Price,"","",$22.00,$0.00,$22.00,$1.60,rivE6VkWHofC7oeL6x0BQ3neV,1ntDuvbQcXo2gWhYoOM1KQB,Stephanie Brandenburg,"",https://squareup.com/dashboard/sales/transactions/rivE6VkWHofC7oeL6x0BQ3neV/by-unit/39APN171F274W,Payment,Trade Shows,"",RRVHYBMQRS2X4VKQB3K8BCJ06C,dianarmann@gmail.com,"",ea,1
08/01/19,13:40:51,Central Time (US & Canada),None,Custom Amount,1.0,"","","",$3.50,$0.00,$3.50,$0.00,HiUGkhIzhVF4sV6Nf7WBhY4eV,5FHbLNhYEzNTXZyW1Og2KQB,Stephanie Brandenburg,"",https://squareup.com/dashboard/sales/transactions/HiUGkhIzhVF4sV6Nf7WBhY4eV/by-unit/39APN171F274W,Payment,Trade Shows,"","","","",ea,1
08/01/19,13:40:51,Central Time (US & Canada),None,Custom Amount,1.0,"","","",$33.00,$0.00,$33.00,$0.00,HiUGkhIzhVF4sV6Nf7WBhY4eV,5FHbLNhYEzNTXZyW1Og2KQB,Stephanie Brandenburg,"",https://squareup.com/dashboard/sales/transactions/HiUGkhIzhVF4sV6Nf7WBhY4eV/by-unit/39APN171F274W,Payment,Trade Shows,"","","","",ea,1
08/01/19,13:40:09,Central Time (US & Canada),None,Custom Amount,1.0,"","","",$33.00,$0.00,$33.00,$2.39,nOCaIQ5n4IHa0rCOuMmSPGreV,VZIgASinWrfjT90LleNILQB,Stephanie Brandenburg,"",https://squareup.com/dashboard/sales/transactions/nOCaIQ5n4IHa0rCOuMmSPGreV/by-unit/39APN171F274W,Payment,Trade Shows,"","","","",ea,1
08/01/19,13:19:20,Central Time (US & Canada),None,Custom Amount,1.0,"","","",$129.99,$0.00,$129.99,$9.42,dr95Z2gfTdCY6mT3C8jNsO8eV,CjNFTGgDpVsViT8JmvxE2uMF,Stephanie Brandenburg,"",https://squareup.com/dashboard/sales/transactions/dr95Z2gfTdCY6mT3C8jNsO8eV/by-unit/39APN171F274W,Payment,Trade Shows,"",MG5XH0NWJS47YTSJM1VNQ4RBJ8,Diane Magruder,"",ea,1
08/01/19,13:14:46,Central Time (US & Canada),None,Custom Amount,1.0,"","","",$27.00,$0.00,$27.00,$0.00,n0j7LDRg4Nl5OMglCOnCrmheV,7yO0zcfIc0YK7AK7NcKfutMF,Stephanie Brandenburg,"",https://squareup.com/dashboard/sales/transactions/n0j7LDRg4Nl5OMglCOnCrmheV/by-unit/39APN171F274W,Payment,Trade Shows,"",3K5WMQ76MS2A6PRJBVVVFBY9H0,Martha Smith,"",ea,1
08/01/19,13:14:46,Central Time (US & Canada),None,Custom Amount,1.0,"","","",$19.99,$0.00,$19.99,$0.00,n0j7LDRg4Nl5OMglCOnCrmheV,7yO0zcfIc0YK7AK7NcKfutMF,Stephanie Brandenburg,"",https://squareup.com/dashboard/sales/transactions/n0j7LDRg4Nl5OMglCOnCrmheV/by-unit/39APN171F274W,Payment,Trade Shows,"",3K5WMQ76MS2A6PRJBVVVFBY9H0,Martha Smith,"",ea,1
08/01/19,13:06:19,Central Time (US & Canada),Kits,Summer Stroll Kit 71x82 5-1/4yds backing needed,1.0,Regular,"","",$119.99,$0.00,$119.99,$8.70,vWmX6IaxrA5JKYlE0oV6SW4eV,18YTO6cMqInyXOh1zPDEUvMF,Stephanie Brandenburg,"",https://squareup.com/dashboard/sales/transactions/vWmX6IaxrA5JKYlE0oV6SW4eV/by-unit/39APN171F274W,Payment,Trade Shows,"",Q3C466NYC94GAWYM73ZGNHMBYR,Nancy Humphrey,"",ea,1
08/01/19,12:37:58,Central Time (US & Canada),Antiques,Antique - add NOTE,1.0,Regular,"","",$39.00,$0.00,$39.00,$2.73,iLox4NrTAQNQPt9KlXWCEvMF,90GM0wdiYjmW9BGOzNmbB0MF,iPad,Suitcase,https://squareup.com/dashboard/sales/transactions/iLox4NrTAQNQPt9KlXWCEvMF/by-unit/0WT1WCKZW65WD,Payment,Cedar Rapids,"",9W8TY6ZCW13GYM1W1NAVCTR6VM,Dawn Thys,"",ea,1
08/01/19,11:57:01,Central Time (US & Canada),Fabric,2 For 22,1.0,Regular Price,"","",$22.00,$0.00,$22.00,$1.60,tbHsDjXWFH0rvxKZipKNzzmeV,mdw6dxo742TPRDCvGItLDyMF,Stephanie Brandenburg,"",https://squareup.com/dashboard/sales/transactions/tbHsDjXWFH0rvxKZipKNzzmeV/by-unit/39APN171F274W,Payment,Trade Shows,"",1W57PJWX4X4KCK3VPPR5GKZHTW,Carolyn Grimes,"",ea,1
08/01/19,11:53:34,Central Time (US & Canada),Fabric,Dandelion 2 For 36.80,1.0,Regular Price,"","",$36.80,$0.00,$36.80,$2.67,HcNk8RUXocctLwLcitvqSB0eV,B04H35GSzbIyljV4HqthhsMF,Stephanie Brandenburg,"",https://squareup.com/dashboard/sales/transactions/HcNk8RUXocctLwLcitvqSB0eV/by-unit/39APN171F274W,Payment,Trade Shows,"",NPGCANDHF54FAMBVXMZ3H8SZ7W,Siglinde Allbeck,"",ea,1
08/01/19,11:52:11,Central Time (US & Canada),Fabric,2 For 22,2.0,Regular Price,"","",$44.00,$0.00,$44.00,$3.19,xFLAPapDFB5zbMzcmlRRYl7eV,SP7kfw32dCF0KtzDvf59YuMF,Stephanie Brandenburg,"",https://squareup.com/dashboard/sales/transactions/xFLAPapDFB5zbMzcmlRRYl7eV/by-unit/39APN171F274W,Payment,Trade Shows,"",RA9R72EHM11EANYTQVA2S1GBJ0,Laura Robinson,"",ea,2
08/01/19,11:38:36,Central Time (US & Canada),Fabric,2 For 22,1.0,Regular Price,"","",$22.00,$0.00,$22.00,$1.60,zE4rlUKU8XTlexbwPIDPO8neV,dv9GckcdxAfl1Kaa84d3KQB,Stephanie Brandenburg,"",https://squareup.com/dashboard/sales/transactions/zE4rlUKU8XTlexbwPIDPO8neV/by-unit/39APN171F274W,Payment,Trade Shows,"","","","",ea,1
08/01/19,11:36:45,Central Time (US & Canada),None,Custom Amount,1.0,"","","",$18.40,$0.00,$18.40,$0.00,5joMbbp1z3wqlnnnC68LE6keV,3t1uHDsV0C9yWvL0QGwAJyMF,Stephanie Brandenburg,"",https://squareup.com/dashboard/sales/transactions/5joMbbp1z3wqlnnnC68LE6keV/by-unit/39APN171F274W,Payment,Trade Shows,"",X6V71H5V0D4X4KZ1KZ0J94V338,Renee Page,"",ea,1
08/01/19,11:36:45,Central Time (US & Canada),None,Custom Amount,1.0,"","","",$11.00,$0.00,$11.00,$0.00,5joMbbp1z3wqlnnnC68LE6keV,3t1uHDsV0C9yWvL0QGwAJyMF,Stephanie Brandenburg,"",https://squareup.com/dashboard/sales/transactions/5joMbbp1z3wqlnnnC68LE6keV/by-unit/39APN171F274W,Payment,Trade Shows,"",X6V71H5V0D4X4KZ1KZ0J94V338,Renee Page,"",ea,1
08/01/19,11:25:57,Central Time (US & Canada),Fabric,2 For 22,1.0,Regular Price,"","",$22.00,$0.00,$22.00,$1.60,Jd1kafiGPsUPIbP1mNPR635eV,1xgGeWiuJSgqfNZDo0J2JQB,Stephanie Brandenburg,"",https://squareup.com/dashboard/sales/transactions/Jd1kafiGPsUPIbP1mNPR635eV/by-unit/39APN171F274W,Payment,Trade Shows,"","","","",ea,1
08/01/19,11:10:46,Central Time (US & Canada),Fabric,2 For 22,1.0,Regular Price,"","",$22.00,$0.00,$22.00,$1.60,V9ob8BnygW8H6sxU0rv6hy8eV,V8Myd7RpHqE0ELpy8jOxAyMF,Stephanie Brandenburg,"",https://squareup.com/dashboard/sales/transactions/V9ob8BnygW8H6sxU0rv6hy8eV/by-unit/39APN171F274W,Payment,Trade Shows,"",11QGSG52CN3JYG2KK3XFN052TM,Jonnie Purkey,"",ea,1
08/01/19,11:06:35,Central Time (US & Canada),None,Custom Amount,1.0,"","","",$19.99,$0.00,$19.99,$0.00,RlVTWRsGW9S8J7mvnltxsr3eV,2U6j3pQ00g9jPtJ7hue2AzMF,Stephanie Brandenburg,"",https://squareup.com/dashboard/sales/transactions/RlVTWRsGW9S8J7mvnltxsr3eV/by-unit/39APN171F274W,Payment,Trade Shows,"",5JQTQQ2TA57YPG41RSQ4TTNYPM,Karla Kulp,"",ea,1
08/01/19,11:06:35,Central Time (US & Canada),Fabric,Cotton Panel,1.0,Double,"","",$18.00,$0.00,$18.00,$1.30,RlVTWRsGW9S8J7mvnltxsr3eV,2U6j3pQ00g9jPtJ7hue2AzMF,Stephanie Brandenburg,"",https://squareup.com/dashboard/sales/transactions/RlVTWRsGW9S8J7mvnltxsr3eV/by-unit/39APN171F274W,Payment,Trade Shows,"",5JQTQQ2TA57YPG41RSQ4TTNYPM,Karla Kulp,"",ea,1
08/01/19,10:58:21,Central Time (US & Canada),None,Custom Amount,1.0,"","","",$18.40,$0.00,$18.40,$0.00,PchJppec8K6RSwsMlFDLaMoeV,YGhKqmZZYXkQjxbjNsTwkxMF,Stephanie Brandenburg,"",https://squareup.com/dashboard/sales/transactions/PchJppec8K6RSwsMlFDLaMoeV/by-unit/39APN171F274W,Payment,Trade Shows,"",WT5WJ3KSZ54MRG7NAXMSHHG774,Carol Day,"",ea,1
08/01/19,10:51:17,Central Time (US & Canada),None,Juxtaposition-Pattern,1.0,Regular,"","",$12.00,$0.00,$12.00,$0.00,T2rcVSwqUUhERAwXbUs1X9qeV,es1yDtGqUlydQCQvA9ZvEvMF,Stephanie Brandenburg,"",https://squareup.com/dashboard/sales/transactions/T2rcVSwqUUhERAwXbUs1X9qeV/by-unit/39APN171F274W,Payment,Trade Shows,"",BHFT40T20H33RP6EXN1N9ETK6C,Ellen Lewis,"",ea,1
08/01/19,10:51:17,Central Time (US & Canada),None,Custom Amount,1.0,"","","",$55.00,$0.00,$55.00,$0.00,T2rcVSwqUUhERAwXbUs1X9qeV,es1yDtGqUlydQCQvA9ZvEvMF,Stephanie Brandenburg,"Jardinere orange Tuscan
Ellen Lewis
100 Connors Circle
Cary, NC 27511",https://squareup.com/dashboard/sales/transactions/T2rcVSwqUUhERAwXbUs1X9qeV/by-unit/39APN171F274W,Payment,Trade Shows,"",BHFT40T20H33RP6EXN1N9ETK6C,Ellen Lewis,"",ea,1
08/01/19,10:51:17,Central Time (US & Canada),None,Custom Amount,1.0,"","","",$5.50,$0.00,$5.50,$0.00,T2rcVSwqUUhERAwXbUs1X9qeV,es1yDtGqUlydQCQvA9ZvEvMF,Stephanie Brandenburg,"",https://squareup.com/dashboard/sales/transactions/T2rcVSwqUUhERAwXbUs1X9qeV/by-unit/39APN171F274W,Payment,Trade Shows,"",BHFT40T20H33RP6EXN1N9ETK6C,Ellen Lewis,"",ea,1
08/01/19,10:47:17,Central Time (US & Canada),None,Custom Amount,1.0,"","","",$79.00,$0.00,$79.00,$0.00,jKHv7NrOnYBtBJBUVV5bFw4eV,wr4ASuSUHeLyA918Gin5otMF,Stephanie Brandenburg,"",https://squareup.com/dashboard/sales/transactions/jKHv7NrOnYBtBJBUVV5bFw4eV/by-unit/39APN171F274W,Payment,Trade Shows,"",MCNTGRZ2NH1VYRE90Y0PFAP7FG,Joyce Toms,"",ea,1
08/01/19,10:47:17,Central Time (US & Canada),Fabric,Dandelion 2 For 36.80,1.0,Regular Price,"","",$36.80,$0.00,$36.80,$2.67,jKHv7NrOnYBtBJBUVV5bFw4eV,wr4ASuSUHeLyA918Gin5otMF,Stephanie Brandenburg,"",https://squareup.com/dashboard/sales/transactions/jKHv7NrOnYBtBJBUVV5bFw4eV/by-unit/39APN171F274W,Payment,Trade Shows,"",MCNTGRZ2NH1VYRE90Y0PFAP7FG,Joyce Toms,"",ea,1
08/01/19,10:34:45,Central Time (US & Canada),Fabric,1 yd - 2 for 22,1.0,Regular,"","",$11.00,$0.00,$11.00,$0.80,folEwMLD8eIlFfuIPzWJdTkeV,R8PQ2NlOXpzIunkwESI2mwMF,Stephanie Brandenburg,"",https://squareup.com/dashboard/sales/transactions/folEwMLD8eIlFfuIPzWJdTkeV/by-unit/39APN171F274W,Payment,Trade Shows,"",CXG63E2XKN1XEPZ3ECECVP5PKW,Virginia Wright,"",ea,1
08/01/19,10:34:45,Central Time (US & Canada),None,Custom Amount,1.0,"","","",$18.40,$0.00,$18.40,$0.00,folEwMLD8eIlFfuIPzWJdTkeV,R8PQ2NlOXpzIunkwESI2mwMF,Stephanie Brandenburg,"Virginia Wright
23066 Angelico rd
Weeds
Capron, VA 23829",https://squareup.com/dashboard/sales/transactions/folEwMLD8eIlFfuIPzWJdTkeV/by-unit/39APN171F274W,Payment,Trade Shows,"",CXG63E2XKN1XEPZ3ECECVP5PKW,Virginia Wright,"",ea,1
08/01/19,10:34:45,Central Time (US & Canada),None,Custom Amount,1.0,"","","",$25.00,$0.00,$25.00,$0.00,folEwMLD8eIlFfuIPzWJdTkeV,R8PQ2NlOXpzIunkwESI2mwMF,Stephanie Brandenburg,"",https://squareup.com/dashboard/sales/transactions/folEwMLD8eIlFfuIPzWJdTkeV/by-unit/39APN171F274W,Payment,Trade Shows,"",CXG63E2XKN1XEPZ3ECECVP5PKW,Virginia Wright,"",ea,1
08/01/19,10:06:40,Central Time (US & Canada),Fabric,2 For 22,1.0,Regular Price,"","",$22.00,$0.00,$22.00,$1.60,3uO6y518x9zmycHaIhfUI1keV,VpZTAn4BGWAAwGY2LMvTAxMF,Stephanie Brandenburg,"",https://squareup.com/dashboard/sales/transactions/3uO6y518x9zmycHaIhfUI1keV/by-unit/39APN171F274W,Payment,Trade Shows,"",KV4DHJRMN92GTZGJ22VWYKNBY0,Serena King,"",ea,1
