Date,Time,Time Zone,Category,Item,Qty,Price Point Name,SKU,Modifiers Applied,Gross Sales,Discounts,Net Sales,Tax,Transaction ID,Payment ID,Device Name,Notes,Details,Event Type,Location,Dining Option,Customer ID,Customer Name,Customer Reference ID,Unit,Count
07/11/19,16:32:13,Central Time (US & Canada),None,Custom Amount,1.0,"","","",$159.00,$0.00,$159.00,$0.00,1Z4gU9RuqtUr3daHyeENb94eV,FEJk4lCgiWpfnwcJxUm9hxMF,"",Order #2872 from Frond Design Studios,https://squareup.com/dashboard/sales/transactions/1Z4gU9RuqtUr3daHyeENb94eV/by-unit/42TJQ2B36EQBG,Payment,Web,"",N21T1Z5KH11ACJGJ31BTKWRKJM,Holly Verhasselt,"",ea,1
07/11/19,16:15:21,Central Time (US & Canada),None,Custom Amount,1.0,"","","",$17.50,$0.00,$17.50,$0.00,pN3BK6KyvnES0qxzGN3Qw85eV,auRplsOlQjHzsa5I6dvRLuMF,Stephanie Brandenburg,Red,https://squareup.com/dashboard/sales/transactions/pN3BK6KyvnES0qxzGN3Qw85eV/by-unit/39APN171F274W,Payment,Trade Shows,"",S3AW5KWT7D26RRDFQ3ZMDFMGJG,rubiob09@me.com,"",ea,1
07/11/19,16:15:21,Central Time (US & Canada),None,Custom Amount,1.0,"","","",$10.00,$0.00,$10.00,$0.00,pN3BK6KyvnES0qxzGN3Qw85eV,auRplsOlQjHzsa5I6dvRLuMF,Stephanie Brandenburg,Rust,https://squareup.com/dashboard/sales/transactions/pN3BK6KyvnES0qxzGN3Qw85eV/by-unit/39APN171F274W,Payment,Trade Shows,"",S3AW5KWT7D26RRDFQ3ZMDFMGJG,rubiob09@me.com,"",ea,1
07/11/19,16:15:21,Central Time (US & Canada),None,Custom Amount,1.0,"","","",$17.50,$0.00,$17.50,$0.00,pN3BK6KyvnES0qxzGN3Qw85eV,auRplsOlQjHzsa5I6dvRLuMF,Stephanie Brandenburg,Yellow,https://squareup.com/dashboard/sales/transactions/pN3BK6KyvnES0qxzGN3Qw85eV/by-unit/39APN171F274W,Payment,Trade Shows,"",S3AW5KWT7D26RRDFQ3ZMDFMGJG,rubiob09@me.com,"",ea,1
07/11/19,16:15:21,Central Time (US & Canada),None,Custom Amount,1.0,"","","",$99.00,$0.00,$99.00,$0.00,pN3BK6KyvnES0qxzGN3Qw85eV,auRplsOlQjHzsa5I6dvRLuMF,Stephanie Brandenburg,Superpac,https://squareup.com/dashboard/sales/transactions/pN3BK6KyvnES0qxzGN3Qw85eV/by-unit/39APN171F274W,Payment,Trade Shows,"",S3AW5KWT7D26RRDFQ3ZMDFMGJG,rubiob09@me.com,"",ea,1
07/11/19,16:15:21,Central Time (US & Canada),None,Custom Amount,1.0,"","","",$60.00,$0.00,$60.00,$0.00,pN3BK6KyvnES0qxzGN3Qw85eV,auRplsOlQjHzsa5I6dvRLuMF,Stephanie Brandenburg,Ripples,https://squareup.com/dashboard/sales/transactions/pN3BK6KyvnES0qxzGN3Qw85eV/by-unit/39APN171F274W,Payment,Trade Shows,"",S3AW5KWT7D26RRDFQ3ZMDFMGJG,rubiob09@me.com,"",ea,1
07/11/19,16:15:21,Central Time (US & Canada),None,Custom Amount,2.0,"","","",$174.00,$0.00,$174.00,$0.00,pN3BK6KyvnES0qxzGN3Qw85eV,auRplsOlQjHzsa5I6dvRLuMF,Stephanie Brandenburg,Genesis moss and walk,https://squareup.com/dashboard/sales/transactions/pN3BK6KyvnES0qxzGN3Qw85eV/by-unit/39APN171F274W,Payment,Trade Shows,"",S3AW5KWT7D26RRDFQ3ZMDFMGJG,rubiob09@me.com,"",ea,2
07/11/19,16:15:21,Central Time (US & Canada),None,Custom Amount,1.0,"","","",$89.25,$0.00,$89.25,$0.00,pN3BK6KyvnES0qxzGN3Qw85eV,auRplsOlQjHzsa5I6dvRLuMF,Stephanie Brandenburg,Greenleaves,https://squareup.com/dashboard/sales/transactions/pN3BK6KyvnES0qxzGN3Qw85eV/by-unit/39APN171F274W,Payment,Trade Shows,"",S3AW5KWT7D26RRDFQ3ZMDFMGJG,rubiob09@me.com,"",ea,1
07/11/19,16:15:21,Central Time (US & Canada),None,Custom Amount,5.0,"","","",$50.00,$0.00,$50.00,$0.00,pN3BK6KyvnES0qxzGN3Qw85eV,auRplsOlQjHzsa5I6dvRLuMF,Stephanie Brandenburg,"",https://squareup.com/dashboard/sales/transactions/pN3BK6KyvnES0qxzGN3Qw85eV/by-unit/39APN171F274W,Payment,Trade Shows,"",S3AW5KWT7D26RRDFQ3ZMDFMGJG,rubiob09@me.com,"",ea,5
07/11/19,16:15:21,Central Time (US & Canada),None,Custom Amount,1.0,"","","",$17.50,$0.00,$17.50,$0.00,pN3BK6KyvnES0qxzGN3Qw85eV,auRplsOlQjHzsa5I6dvRLuMF,Stephanie Brandenburg,Orange,https://squareup.com/dashboard/sales/transactions/pN3BK6KyvnES0qxzGN3Qw85eV/by-unit/39APN171F274W,Payment,Trade Shows,"",S3AW5KWT7D26RRDFQ3ZMDFMGJG,rubiob09@me.com,"",ea,1
07/11/19,16:15:21,Central Time (US & Canada),None,Custom Amount,1.0,"","","",$35.00,$0.00,$35.00,$0.00,pN3BK6KyvnES0qxzGN3Qw85eV,auRplsOlQjHzsa5I6dvRLuMF,Stephanie Brandenburg,Shipping,https://squareup.com/dashboard/sales/transactions/pN3BK6KyvnES0qxzGN3Qw85eV/by-unit/39APN171F274W,Payment,Trade Shows,"",S3AW5KWT7D26RRDFQ3ZMDFMGJG,rubiob09@me.com,"",ea,1
07/11/19,15:56:24,Central Time (US & Canada),Fabric,Cotton Fabric,1.0,Regular,"",1 yd,$12.50,$0.00,$12.50,$0.88,e3zTMRTAFQOQzjH3Cn3W1sMF,aX6CEKuw55xuvEbcuau5S,iPad,"",https://squareup.com/dashboard/sales/transactions/e3zTMRTAFQOQzjH3Cn3W1sMF/by-unit/0WT1WCKZW65WD,Payment,Cedar Rapids,"","","","",ea,1
07/11/19,15:53:52,Central Time (US & Canada),Fabric,Cotton Fabric,6.0,Regular,"",1 yd,$75.00,$0.00,$75.00,$5.25,UIu7g53XpNhaSfWKubMEXtMF,AsdaWoqo6WpJu3cUACQRBtMF,iPad,"",https://squareup.com/dashboard/sales/transactions/UIu7g53XpNhaSfWKubMEXtMF/by-unit/0WT1WCKZW65WD,Payment,Cedar Rapids,"",YJP7Z8267N1N2G3V4NAJHG5BKG,Kathy Leclere,"",ea,6
07/11/19,13:02:56,Central Time (US & Canada),None,Custom Amount,1.0,"","","",$36.00,$0.00,$36.00,$0.00,hRFohvT0azZ9X7YJHpmKZkoeV,MhO4obJni0pQ3a24qRONyzMF,"",Order #2869 from Frond Design Studios,https://squareup.com/dashboard/sales/transactions/hRFohvT0azZ9X7YJHpmKZkoeV/by-unit/42TJQ2B36EQBG,Payment,Web,"",F9TWXEEY813F8G8BAP1A3T343G,"","",ea,1
07/11/19,10:59:41,Central Time (US & Canada),None,Custom Amount,1.0,"","","",$119.00,$0.00,$119.00,$8.33,kIaP8OC3GDnnFFkFKEYvotMF,NO4cymyChNe7oO2kV1fKxvMF,iPad,Summer Stroll,https://squareup.com/dashboard/sales/transactions/kIaP8OC3GDnnFFkFKEYvotMF/by-unit/0WT1WCKZW65WD,Payment,Cedar Rapids,"",TFSKYF1AXH4CTZD200NZE9E5E8,Andrea Burck,"",ea,1
07/11/19,10:41:13,Central Time (US & Canada),None,Custom Amount,2.0,"","","",$50.00,$0.00,$50.00,$0.00,o0ROvI01I3FDWu7BFResVtMF,NYRRMCDFeIDsMUoABZAUwvMF,iPad,Canvas,https://squareup.com/dashboard/sales/transactions/o0ROvI01I3FDWu7BFResVtMF/by-unit/0WT1WCKZW65WD,Payment,Cedar Rapids,"",A97J2JC4NS2SRYC2CG0SAJHVS0,Twylla Pearson,"",ea,2
07/11/19,10:41:13,Central Time (US & Canada),None,Custom Amount,1.0,"","","",$20.00,$0.00,$20.00,$0.00,o0ROvI01I3FDWu7BFResVtMF,NYRRMCDFeIDsMUoABZAUwvMF,iPad,Shipping to Canada,https://squareup.com/dashboard/sales/transactions/o0ROvI01I3FDWu7BFResVtMF/by-unit/0WT1WCKZW65WD,Payment,Cedar Rapids,"",A97J2JC4NS2SRYC2CG0SAJHVS0,Twylla Pearson,"",ea,1
07/11/19,10:35:16,Central Time (US & Canada),None,Custom Amount,1.0,"","","",$79.99,$0.00,$79.99,$0.00,QIJwEXse7ogYjWSqRxLuvvMF,5uB04VUd6LLdlyeBIhMX7xMF,iPad,"Crown Jewels special
Take to Grand Rapids
Julie",https://squareup.com/dashboard/sales/transactions/QIJwEXse7ogYjWSqRxLuvvMF/by-unit/0WT1WCKZW65WD,Payment,Cedar Rapids,"",2APG50FH7S506QEMKFYDW5K0H8,Julie Martin,"",ea,1
07/11/19,10:22:22,Central Time (US & Canada),Fabric,Cotton Fabric,10.0,Regular,"",1 yd,$125.00,$0.00,$125.00,$8.75,OTZpqd1q3ceYBssegUd5KuMF,itjKCTww4qenAKOvPo65S,iPad,"",https://squareup.com/dashboard/sales/transactions/OTZpqd1q3ceYBssegUd5KuMF/by-unit/0WT1WCKZW65WD,Payment,Cedar Rapids,"",HNP6JT4S7H1AJW6VKTCQNG3W9C,"","",ea,10
07/10/19,20:46:44,Central Time (US & Canada),None,Custom Amount,1.0,"","","",$159.00,$0.00,$159.00,$0.00,pPQX9L56tWSd36fMufOOs4yeV,5BMcib749NgUijhAeufKGwMF,"",Order #2859 from Frond Design Studios,https://squareup.com/dashboard/sales/transactions/pPQX9L56tWSd36fMufOOs4yeV/by-unit/42TJQ2B36EQBG,Payment,Web,"",98Y5ZEHR011E4W9QNQ2D9ZJAYW,"","",ea,1
07/10/19,19:12:14,Central Time (US & Canada),None,Custom Amount,1.0,"","","",$31.00,$0.00,$31.00,$0.00,TYwkc8l4seuQLvU4VJmwyGoeV,jfSbCyXzKlfFOMaK1nikwzMF,"",Order #2856 from Frond Design Studios,https://squareup.com/dashboard/sales/transactions/TYwkc8l4seuQLvU4VJmwyGoeV/by-unit/42TJQ2B36EQBG,Payment,Web,"",XE78XX0N4H3WCWVJMTPRNMMRAR,Bettijean Meyer,"",ea,1
07/10/19,17:34:17,Central Time (US & Canada),None,Custom Amount,1.0,"","","",$179.99,$0.00,$179.99,$0.00,E6pAfpua1THUWt7de9ymVsMF,19bPElei5wKG42aMfCynfxMF,iPad,"",https://squareup.com/dashboard/sales/transactions/E6pAfpua1THUWt7de9ymVsMF/by-unit/0WT1WCKZW65WD,Payment,Cedar Rapids,"",HXDZ0B9D553QPHDG2XCDBR6N6C,Brittany Aucutt,"",ea,1
07/10/19,17:33:06,Central Time (US & Canada),None,Custom Amount,1.0,"","","",$179.99,$0.00,$179.99,$12.60,0SbhHxzKqig5PzOphoWoTxMF,ahvWSiUSYQrfzLhNHQt5S,iPad,"",https://squareup.com/dashboard/sales/transactions/0SbhHxzKqig5PzOphoWoTxMF/by-unit/0WT1WCKZW65WD,Payment,Cedar Rapids,"","","","",ea,1
07/10/19,03:45:51,Central Time (US & Canada),None,Custom Amount,1.0,"","","",$100.00,$0.00,$100.00,$0.00,ZppHrpaZPexMAaZFFSEHpy3eV,fQUQ2zRmKw5KNptiR0HZsxMF,"",Order #2850 from Frond Design Studios,https://squareup.com/dashboard/sales/transactions/ZppHrpaZPexMAaZFFSEHpy3eV/by-unit/42TJQ2B36EQBG,Payment,Web,"","","","",ea,1
07/09/19,16:44:54,Central Time (US & Canada),None,Custom Amount,1.0,"","","",$79.99,$0.00,$79.99,$5.60,MwyKOaNuU76z2V9KncWVrtMF,oveX60ph3gU59MiTuzPXHvMF,iPad,"",https://squareup.com/dashboard/sales/transactions/MwyKOaNuU76z2V9KncWVrtMF/by-unit/0WT1WCKZW65WD,Payment,Cedar Rapids,"",B7ESBDN34H3RPWWRFRY3DW5ZD4,Susan Howell,"",ea,1
07/08/19,16:42:22,Central Time (US & Canada),Fabric,Cotton Fabric,3.0,Regular,"",1 yd,$37.50,$0.00,$37.50,$2.62,MCJPHXBm7dREvheOF4syJxMF,VjUiiZ0LwsVz3D7EseWkzyMF,iPad,"",https://squareup.com/dashboard/sales/transactions/MCJPHXBm7dREvheOF4syJxMF/by-unit/0WT1WCKZW65WD,Payment,Cedar Rapids,"",1E0F8X811N2MGJXCCMCKKREB7C,Lynda Ericksen,"",ea,3
07/08/19,16:42:22,Central Time (US & Canada),Fabric,Fat Quarter,1.0,Regular,"","",$3.50,$0.00,$3.50,$0.25,MCJPHXBm7dREvheOF4syJxMF,VjUiiZ0LwsVz3D7EseWkzyMF,iPad,"",https://squareup.com/dashboard/sales/transactions/MCJPHXBm7dREvheOF4syJxMF/by-unit/0WT1WCKZW65WD,Payment,Cedar Rapids,"",1E0F8X811N2MGJXCCMCKKREB7C,Lynda Ericksen,"",ea,1
07/08/19,16:41:06,Central Time (US & Canada),Fabric,Cotton Fabric,3.0,Regular,"",1 yd,$37.50,$0.00,$37.50,$2.62,aRjcA3wgm64QylqdCFQF1vMF,wIVcx5slZXb80pwJIpy5S,iPad,"",https://squareup.com/dashboard/sales/transactions/aRjcA3wgm64QylqdCFQF1vMF/by-unit/0WT1WCKZW65WD,Payment,Cedar Rapids,"","","","",ea,3
07/08/19,16:41:06,Central Time (US & Canada),Fabric,Fat Quarter,1.0,Regular,"","",$3.50,$0.00,$3.50,$0.25,aRjcA3wgm64QylqdCFQF1vMF,wIVcx5slZXb80pwJIpy5S,iPad,"",https://squareup.com/dashboard/sales/transactions/aRjcA3wgm64QylqdCFQF1vMF/by-unit/0WT1WCKZW65WD,Payment,Cedar Rapids,"","","","",ea,1
07/08/19,14:04:56,Central Time (US & Canada),None,Custom Amount,1.0,"","","",$14.50,$0.00,$14.50,$1.02,WnJ3PrARdMAVwcgSiEpDFyMF,mtGM6pHgfsBC9LsWS665S,iPad,"",https://squareup.com/dashboard/sales/transactions/WnJ3PrARdMAVwcgSiEpDFyMF/by-unit/0WT1WCKZW65WD,Payment,Cedar Rapids,"",9VVA7Z37TS0F2QYT6NBDF38CGG,emilylangguth@hotmail.com,"",ea,1
07/08/19,13:29:40,Central Time (US & Canada),Fabric,Cotton Panel,1.0,Single,PANL-1COT,"",$9.50,$0.00,$9.50,$0.66,uhoJMCYux0NX0mQkvCugSyMF,Um5FaR2Gaoaz488yAgs5S,iPad,"",https://squareup.com/dashboard/sales/transactions/uhoJMCYux0NX0mQkvCugSyMF/by-unit/0WT1WCKZW65WD,Payment,Cedar Rapids,"","","","",ea,1
07/08/19,13:09:29,Central Time (US & Canada),Fabric,Cotton Fabric,2.0,Regular,"",1 yd,$25.00,$0.00,$25.00,$1.75,I81AY7CMrzg9MSvqg0GMayMF,M5XOrRC5Jjly1Vx1Gm7IXzMF,iPad,"",https://squareup.com/dashboard/sales/transactions/I81AY7CMrzg9MSvqg0GMayMF/by-unit/0WT1WCKZW65WD,Payment,Cedar Rapids,"",QH6E3S5HSD2RARKA0MCQ0KSNF4,Mary Greenwood,"",ea,2
07/08/19,13:09:29,Central Time (US & Canada),Fabric,Cotton Panel,2.0,Single,PANL-1COT,"",$19.00,$0.00,$19.00,$1.33,I81AY7CMrzg9MSvqg0GMayMF,M5XOrRC5Jjly1Vx1Gm7IXzMF,iPad,"",https://squareup.com/dashboard/sales/transactions/I81AY7CMrzg9MSvqg0GMayMF/by-unit/0WT1WCKZW65WD,Payment,Cedar Rapids,"",QH6E3S5HSD2RARKA0MCQ0KSNF4,Mary Greenwood,"",ea,2
07/08/19,11:37:34,Central Time (US & Canada),Handmade,Zipper Bag,1.0,Lg Quilted,"","",$18.00,$0.00,$18.00,$1.26,Ya8APeaumL6nA93hDO7zItMF,422kSz3LKMN8uGphnZ25S,iPad,"",https://squareup.com/dashboard/sales/transactions/Ya8APeaumL6nA93hDO7zItMF/by-unit/0WT1WCKZW65WD,Payment,Cedar Rapids,"","","","",ea,1
07/08/19,10:38:36,Central Time (US & Canada),None,Custom Amount,1.0,"","","",$179.00,$0.00,$179.00,$0.00,qDU0R1GhjLlZg4AA95zopwMF,V3Bw54yB3tebkrRjIWoWTvMF,iPad,"",https://squareup.com/dashboard/sales/transactions/qDU0R1GhjLlZg4AA95zopwMF/by-unit/0WT1WCKZW65WD,Payment,Cedar Rapids,"",4Z6RC57HHX1ZMKQTG9XSWMRFW0,"","",ea,1
07/07/19,14:17:58,Central Time (US & Canada),None,Custom Amount,1.0,"","","",$29.99,$0.00,$29.99,$2.10,Cja06TAzHS4v8hNqpXG01yMF,0OBbOVKlxPOho2p7JPn5S,iPad,Class,https://squareup.com/dashboard/sales/transactions/Cja06TAzHS4v8hNqpXG01yMF/by-unit/0WT1WCKZW65WD,Payment,Cedar Rapids,"","","","",ea,1
07/07/19,14:17:58,Central Time (US & Canada),Fabric,Cotton Fabric,1.0,Regular,"",1 yd,$12.50,$0.00,$12.50,$0.87,Cja06TAzHS4v8hNqpXG01yMF,0OBbOVKlxPOho2p7JPn5S,iPad,"",https://squareup.com/dashboard/sales/transactions/Cja06TAzHS4v8hNqpXG01yMF/by-unit/0WT1WCKZW65WD,Payment,Cedar Rapids,"","","","",ea,1
07/07/19,14:17:58,Central Time (US & Canada),Notions,Wonderfil Mirage 30wt Thread,2.0,Regular,"","",$17.00,$0.00,$17.00,$1.19,Cja06TAzHS4v8hNqpXG01yMF,0OBbOVKlxPOho2p7JPn5S,iPad,"",https://squareup.com/dashboard/sales/transactions/Cja06TAzHS4v8hNqpXG01yMF/by-unit/0WT1WCKZW65WD,Payment,Cedar Rapids,"","","","",ea,2
07/06/19,20:14:22,Central Time (US & Canada),None,Custom Amount,1.0,"","","",$75.99,$0.00,$75.99,$0.00,r6zQGzam271RqtOZ7UbsNH0eV,7PhWIChkDLcThGsk5SvrCyMF,"",Order #2842 from Frond Design Studios,https://squareup.com/dashboard/sales/transactions/r6zQGzam271RqtOZ7UbsNH0eV/by-unit/42TJQ2B36EQBG,Payment,Web,"","","","",ea,1
07/06/19,17:30:00,Central Time (US & Canada),None,Custom Amount,1.0,"","","",$29.00,$0.00,$29.00,$0.00,qvC2kJKNFw2G0Ud4R2WzqsMF,Q6s6VyNAZTGmyN9IobHyJuMF,iPad,"",https://squareup.com/dashboard/sales/transactions/qvC2kJKNFw2G0Ud4R2WzqsMF/by-unit/0WT1WCKZW65WD,Payment,Cedar Rapids,"",N0ZA6R8D8N2MMN3X3XEV50Y2E4,Alyssa Tesar,"",ea,1
07/06/19,12:07:35,Central Time (US & Canada),Services,Machine Rental,1.0,Regular,"","",$5.00,$0.00,$5.00,$0.35,mZSFldIGjckkuQEkkbmShvMF,oCOHq8vPVwnoihDS4ml5S,iPad,"",https://squareup.com/dashboard/sales/transactions/mZSFldIGjckkuQEkkbmShvMF/by-unit/0WT1WCKZW65WD,Payment,Cedar Rapids,"","","","",ea,1
07/06/19,12:05:13,Central Time (US & Canada),FQPs,FQ Pack Miscellaneous ,1.0,6 Ct,"","",$20.99,$0.00,$20.99,$1.47,I8duxHf1ymdmbc66BzNhKzMF,kZ98VcMqso7gzbxBHD83CtMF,iPad,"",https://squareup.com/dashboard/sales/transactions/I8duxHf1ymdmbc66BzNhKzMF/by-unit/0WT1WCKZW65WD,Payment,Cedar Rapids,"",QMBVS69V39572P7Y8NTRQ1T6T4,Janice Henik,"",ea,1
07/06/19,12:05:13,Central Time (US & Canada),None,Custom Amount,1.0,"","","",$19.99,$0.00,$19.99,$1.40,I8duxHf1ymdmbc66BzNhKzMF,kZ98VcMqso7gzbxBHD83CtMF,iPad,"",https://squareup.com/dashboard/sales/transactions/I8duxHf1ymdmbc66BzNhKzMF/by-unit/0WT1WCKZW65WD,Payment,Cedar Rapids,"",QMBVS69V39572P7Y8NTRQ1T6T4,Janice Henik,"",ea,1
07/06/19,11:56:45,Central Time (US & Canada),Bundles,Street Smarts Line Pack,1.0,Regular,LNPK-STSM,"",$45.99,$0.00,$45.99,$3.22,ODhzbPMj5zMRuLpiodK20yMF,R4Roa1mWz8z0UonMUrO9EwMF,iPad,"",https://squareup.com/dashboard/sales/transactions/ODhzbPMj5zMRuLpiodK20yMF/by-unit/0WT1WCKZW65WD,Payment,Cedar Rapids,"",RPG2E4EJM9726ZWB83N5AFVFEG,Mary Erdmann,"",ea,1
07/06/19,11:56:45,Central Time (US & Canada),Fabric,Cotton Fabric,1.0,Regular,"",1/4 yd,$3.13,$0.00,$3.13,$0.22,ODhzbPMj5zMRuLpiodK20yMF,R4Roa1mWz8z0UonMUrO9EwMF,iPad,"",https://squareup.com/dashboard/sales/transactions/ODhzbPMj5zMRuLpiodK20yMF/by-unit/0WT1WCKZW65WD,Payment,Cedar Rapids,"",RPG2E4EJM9726ZWB83N5AFVFEG,Mary Erdmann,"",ea,1
07/06/19,11:55:14,Central Time (US & Canada),Notions,"Zipper, 14""",4.0,Regular,"","",$5.96,$0.00,$5.96,$0.42,2DDxbbTnpOMVpiTf7CtN3uMF,wmeVj5PwfmY19Oe7G6s5S,iPad,"",https://squareup.com/dashboard/sales/transactions/2DDxbbTnpOMVpiTf7CtN3uMF/by-unit/0WT1WCKZW65WD,Payment,Cedar Rapids,"","","","",ea,4
07/06/19,11:37:42,Central Time (US & Canada),None,Custom Amount,1.0,"","","",$12.99,$0.00,$12.99,$0.91,KjS7VmkjohQvFkiEb0jMpyMF,wmiRCCvGzTM6mPtzqZy5S,iPad,"",https://squareup.com/dashboard/sales/transactions/KjS7VmkjohQvFkiEb0jMpyMF/by-unit/0WT1WCKZW65WD,Payment,Cedar Rapids,"","","","",ea,1
07/06/19,11:35:54,Central Time (US & Canada),Shop Hop,All Iowa Shop Hop 2019,1.0,Regular,"","",$8.99,$0.00,$8.99,$0.63,Yg1ZAVHS8oTh7b6kxsBzWsMF,kkWkFZJ5tHXkBB4lFn45S,iPad,Shop hop magazine ,https://squareup.com/dashboard/sales/transactions/Yg1ZAVHS8oTh7b6kxsBzWsMF/by-unit/0WT1WCKZW65WD,Payment,Cedar Rapids,"",6EAAV6DN0S2G8G53VFBHRV9EM8,"","",ea,1
07/06/19,11:33:43,Central Time (US & Canada),Fabric,Fat Quarters 3 For $10,1.0,Regular,"","",$10.00,$0.00,$10.00,$0.70,OxonhRXMeh8lMhhrUOOTEwMF,uNQg9lHFxNFq5DNo9575S,iPad,"",https://squareup.com/dashboard/sales/transactions/OxonhRXMeh8lMhhrUOOTEwMF/by-unit/0WT1WCKZW65WD,Payment,Cedar Rapids,"","","","",ea,1
07/06/19,11:33:43,Central Time (US & Canada),Fabric,Cotton Fabric,1.0,Regular,"",1 yd,$12.50,$0.00,$12.50,$0.88,OxonhRXMeh8lMhhrUOOTEwMF,uNQg9lHFxNFq5DNo9575S,iPad,"",https://squareup.com/dashboard/sales/transactions/OxonhRXMeh8lMhhrUOOTEwMF/by-unit/0WT1WCKZW65WD,Payment,Cedar Rapids,"","","","",ea,1
07/05/19,17:58:43,Central Time (US & Canada),Fabric,2 For 22,2.0,Regular Price,"","",$44.00,$0.00,$44.00,$3.08,ASwbGDpFt9jMk2QIUDsADuMF,aVJqsKqwZPOMeIKbSc35S,iPad,"",https://squareup.com/dashboard/sales/transactions/ASwbGDpFt9jMk2QIUDsADuMF/by-unit/0WT1WCKZW65WD,Payment,Cedar Rapids,"","","","",ea,2
07/05/19,17:58:43,Central Time (US & Canada),None,Custom Amount,1.0,"","","",$11.00,$0.00,$11.00,$0.77,ASwbGDpFt9jMk2QIUDsADuMF,aVJqsKqwZPOMeIKbSc35S,iPad,"",https://squareup.com/dashboard/sales/transactions/ASwbGDpFt9jMk2QIUDsADuMF/by-unit/0WT1WCKZW65WD,Payment,Cedar Rapids,"","","","",ea,1
07/05/19,17:58:43,Central Time (US & Canada),None,Custom Amount,1.0,"","","",$12.00,$0.00,$12.00,$0.84,ASwbGDpFt9jMk2QIUDsADuMF,aVJqsKqwZPOMeIKbSc35S,iPad,Bonsai,https://squareup.com/dashboard/sales/transactions/ASwbGDpFt9jMk2QIUDsADuMF/by-unit/0WT1WCKZW65WD,Payment,Cedar Rapids,"","","","",ea,1
07/05/19,16:12:02,Central Time (US & Canada),None,Custom Amount,1.0,"","","",$4.00,$0.00,$4.00,$0.28,c6TkNvTuJMTjCrQiR74BDuMF,uArDnrgRPfUbb0gvdmqOmsMF,iPad,"",https://squareup.com/dashboard/sales/transactions/c6TkNvTuJMTjCrQiR74BDuMF/by-unit/0WT1WCKZW65WD,Payment,Cedar Rapids,"",XSWGDS10CX7Y6WHQXWXQFFR7V8,Matthew Wardlaw,"",ea,1
07/05/19,16:12:02,Central Time (US & Canada),Fabric,Cotton Fabric,1.0,Regular,"",1 yd,$12.50,$0.00,$12.50,$0.88,c6TkNvTuJMTjCrQiR74BDuMF,uArDnrgRPfUbb0gvdmqOmsMF,iPad,"",https://squareup.com/dashboard/sales/transactions/c6TkNvTuJMTjCrQiR74BDuMF/by-unit/0WT1WCKZW65WD,Payment,Cedar Rapids,"",XSWGDS10CX7Y6WHQXWXQFFR7V8,Matthew Wardlaw,"",ea,1
07/05/19,15:08:59,Central Time (US & Canada),None,Custom Amount,1.0,"","","",$119.99,$0.00,$119.99,$8.40,SpdqsPU4mR3fGclQXql3uyMF,K36yB4g1VCgY7Ywi39FSA0MF,iPad,"",https://squareup.com/dashboard/sales/transactions/SpdqsPU4mR3fGclQXql3uyMF/by-unit/0WT1WCKZW65WD,Payment,Cedar Rapids,"",YF8ZGJ1XFD6WPHVZD5R8XP4JF0,Kelly Buller,"",ea,1
07/05/19,15:08:59,Central Time (US & Canada),None,Custom Amount,1.0,"","","",$8.99,$0.00,$8.99,$0.63,SpdqsPU4mR3fGclQXql3uyMF,K36yB4g1VCgY7Ywi39FSA0MF,iPad,"",https://squareup.com/dashboard/sales/transactions/SpdqsPU4mR3fGclQXql3uyMF/by-unit/0WT1WCKZW65WD,Payment,Cedar Rapids,"",YF8ZGJ1XFD6WPHVZD5R8XP4JF0,Kelly Buller,"",ea,1
07/05/19,13:30:41,Central Time (US & Canada),Fabric,2 For 22,1.0,Regular Price,"","",$22.00,$0.00,$22.00,$0.00,9RsD5qtfGxhV6Hr2YshXLj8eV,8RoOI7JZBhi2F0T4BVpvoyMF,Stephanie Brandenburg,"",https://squareup.com/dashboard/sales/transactions/9RsD5qtfGxhV6Hr2YshXLj8eV/by-unit/39APN171F274W,Payment,Trade Shows,"",R8WMM1309X7XEYSM57ABT1RA64,Terri Davis,"",ea,1
07/05/19,13:30:41,Central Time (US & Canada),None,Custom Amount,1.0,"","","",$5.00,$0.00,$5.00,$0.00,9RsD5qtfGxhV6Hr2YshXLj8eV,8RoOI7JZBhi2F0T4BVpvoyMF,Stephanie Brandenburg,Shipping,https://squareup.com/dashboard/sales/transactions/9RsD5qtfGxhV6Hr2YshXLj8eV/by-unit/39APN171F274W,Payment,Trade Shows,"",R8WMM1309X7XEYSM57ABT1RA64,Terri Davis,"",ea,1
07/05/19,12:19:39,Central Time (US & Canada),None,Custom Amount,1.0,"","","",$10.00,$0.00,$10.00,$0.70,A4H3p8STYoEBCQmBLIjRrxMF,5RVtXtxOuaNDkqWsaHDAuzMF,iPad,One block wonder session,https://squareup.com/dashboard/sales/transactions/A4H3p8STYoEBCQmBLIjRrxMF/by-unit/0WT1WCKZW65WD,Payment,Cedar Rapids,"",621HE7JDV52XJGVMFTM3RAZ24G,Flo Kruger,"",ea,1
07/05/19,12:19:39,Central Time (US & Canada),Notions,Quilt Clips In Tin,1.0,Regular,"","",$19.99,$0.00,$19.99,$1.40,A4H3p8STYoEBCQmBLIjRrxMF,5RVtXtxOuaNDkqWsaHDAuzMF,iPad,"",https://squareup.com/dashboard/sales/transactions/A4H3p8STYoEBCQmBLIjRrxMF/by-unit/0WT1WCKZW65WD,Payment,Cedar Rapids,"",621HE7JDV52XJGVMFTM3RAZ24G,Flo Kruger,"",ea,1
07/05/19,11:52:14,Central Time (US & Canada),Handmade,Key Fob,1.0,Regular,"","",$7.99,$0.00,$7.99,$0.56,aLIapX5CpLjY58HDvHE2YwMF,45DA07CaCeLmhmolVnt7BtMF,iPad,"",https://squareup.com/dashboard/sales/transactions/aLIapX5CpLjY58HDvHE2YwMF/by-unit/0WT1WCKZW65WD,Payment,Cedar Rapids,"",0N0M5FWK017NTJAG10WQGJE0FG,Jennine Zepeda,"",ea,1
07/05/19,08:52:38,Central Time (US & Canada),None,Custom Amount,1.0,"","","",$85.99,$0.00,$85.99,$0.00,zqZQscOQVAEoMCTx5GUMqSleV,TiJ1PhSSlt3u8jQQL1M4YsMF,"",Order #2841 from Frond Design Studios,https://squareup.com/dashboard/sales/transactions/zqZQscOQVAEoMCTx5GUMqSleV/by-unit/42TJQ2B36EQBG,Payment,Web,"","","","",ea,1
07/04/19,16:47:48,Central Time (US & Canada),None,Custom Amount,1.0,"","","",$85.99,$0.00,$85.99,$0.00,fW2TfB6gWJqugOhjuyapOnfeV,DVxeWQtztKYu71XhVOP8fsMF,"",Order #2839 from Frond Design Studios,https://squareup.com/dashboard/sales/transactions/fW2TfB6gWJqugOhjuyapOnfeV/by-unit/42TJQ2B36EQBG,Payment,Web,"",KR79S3AAAD652ZZX7BDBWMWH08,Karen Barker,"",ea,1
07/03/19,14:19:33,Central Time (US & Canada),Kits,Moon Phases - Aurora Blue (35x49 Incl),1.0,Regular,MOON-AURO-K,"",$79.00,$0.00,$79.00,$5.53,4WgbpKeWoMVGNLYhHYFjZtMF,RccCph0fV7eHx2hjG1ap4uMF,iPad,"",https://squareup.com/dashboard/sales/transactions/4WgbpKeWoMVGNLYhHYFjZtMF/by-unit/0WT1WCKZW65WD,Payment,Cedar Rapids,"",HW5HVZ4NFX6BJH9TSSTPQ98D38,Rachel Vincent,"",ea,1
07/03/19,11:44:57,Central Time (US & Canada),Notions,King Tut 40 Wt Thread,1.0,Regular,"","",$17.99,$0.00,$17.99,$1.26,SDa2YMig2lN7S3TqmPdx1yMF,0SlyrMr3JlfOSgYGEV85S,iPad,"",https://squareup.com/dashboard/sales/transactions/SDa2YMig2lN7S3TqmPdx1yMF/by-unit/0WT1WCKZW65WD,Payment,Cedar Rapids,"","","","",ea,1
07/03/19,11:44:57,Central Time (US & Canada),Notions,Superior Fantastico 40 Wt Thread,1.0,Regular,"","",$8.99,$0.00,$8.99,$0.63,SDa2YMig2lN7S3TqmPdx1yMF,0SlyrMr3JlfOSgYGEV85S,iPad,"",https://squareup.com/dashboard/sales/transactions/SDa2YMig2lN7S3TqmPdx1yMF/by-unit/0WT1WCKZW65WD,Payment,Cedar Rapids,"","","","",ea,1
07/03/19,11:44:57,Central Time (US & Canada),Notions,Wonderful Glamore 12 Wt Thread,1.0,Regular,"","",$10.00,$0.00,$10.00,$0.70,SDa2YMig2lN7S3TqmPdx1yMF,0SlyrMr3JlfOSgYGEV85S,iPad,"",https://squareup.com/dashboard/sales/transactions/SDa2YMig2lN7S3TqmPdx1yMF/by-unit/0WT1WCKZW65WD,Payment,Cedar Rapids,"","","","",ea,1
07/02/19,11:39:32,Central Time (US & Canada),Handmade,Key Fob,1.0,Regular,"","",$7.99,$0.00,$7.99,$0.56,c4oNeaK40f60BdUfAFWIuuMF,8aMsk9qSdBSdU5Ik97MF7sMF,iPad,"",https://squareup.com/dashboard/sales/transactions/c4oNeaK40f60BdUfAFWIuuMF/by-unit/0WT1WCKZW65WD,Payment,Cedar Rapids,"",B76RQGTAV53R2XA2YF30FPG93C,Madeline Less,"",ea,1
07/02/19,11:25:47,Central Time (US & Canada),None,Custom Amount,1.0,"","","",$20.00,$0.00,$20.00,$1.40,e1uFGJF4DTPp4mEqAI1Z8tMF,RdHMYlQnnaMkMkxKZPm7YtMF,iPad,"",https://squareup.com/dashboard/sales/transactions/e1uFGJF4DTPp4mEqAI1Z8tMF/by-unit/0WT1WCKZW65WD,Payment,Cedar Rapids,"",V17GZMVAWX5KAV993QDPX3Z95R,Nancy Tate,"",ea,1
07/02/19,10:23:47,Central Time (US & Canada),Fabric,Cotton Fabric,6.0,Regular,"",1 yd,$75.00,$0.00,$75.00,$5.25,swW6XO0IZAx854Daj91aCxMF,lqXBkkGtLpKtPfjFPGsvZzMF,iPad,"",https://squareup.com/dashboard/sales/transactions/swW6XO0IZAx854Daj91aCxMF/by-unit/0WT1WCKZW65WD,Payment,Cedar Rapids,"",XXVN3DED6H5JGQG2EXCS35NNXM,Joan Watsonnelson,"",ea,6
07/01/19,16:12:35,Central Time (US & Canada),None,Custom Amount,1.0,"","","",$7.99,$0.00,$7.99,$0.56,GrTJnZDvx0Y9zWSwQoYsSwMF,8YxRgsGeZ0wAfy2D9CbhowMF,iPad,"",https://squareup.com/dashboard/sales/transactions/GrTJnZDvx0Y9zWSwQoYsSwMF/by-unit/0WT1WCKZW65WD,Payment,Cedar Rapids,"",KKG3BEA4PH3FWX5QGPBWET5N78,Lois Whitehead,"",ea,1
07/01/19,16:12:35,Central Time (US & Canada),None,Custom Amount,1.0,"","","",$14.50,$0.00,$14.50,$1.01,GrTJnZDvx0Y9zWSwQoYsSwMF,8YxRgsGeZ0wAfy2D9CbhowMF,iPad,"",https://squareup.com/dashboard/sales/transactions/GrTJnZDvx0Y9zWSwQoYsSwMF/by-unit/0WT1WCKZW65WD,Payment,Cedar Rapids,"",KKG3BEA4PH3FWX5QGPBWET5N78,Lois Whitehead,"",ea,1
07/01/19,15:36:25,Central Time (US & Canada),Kits,High Five #1 - Medusa (56x63 4.5 yds),1.0,Regular,HIGH-MEDU-K,"",$55.00,$0.00,$55.00,$3.85,oGSKV5xAybhpLK5Y8FNITyMF,R6TuhEWCMZHsoVa2pFs4NxMF,iPad,"",https://squareup.com/dashboard/sales/transactions/oGSKV5xAybhpLK5Y8FNITyMF/by-unit/0WT1WCKZW65WD,Payment,Cedar Rapids,"",SFKMFVPTJS74GH354850DC5J6C,Janice Felthous,"",ea,1
